EventId,CallId,MobileTerminalId,Time
ab8ce729-2eea-4266-b349-fa5590b5c5d4,3814a49f-56af-45b2-87db-13598997213c,2b98be9c-ddd8-44d8-a7ce-6e0f23b0d4f1,16/09/2019 22:38:06
ff112905-6c12-48fd-a888-ede5a2d54b16,5dd3aaaa-dcad-4a79-9e20-4c6c937e56ac,f750b4a6-596a-4230-a9f3-a546d3fdc6d1,17/09/2019 00:01:13
c82291f8-7785-4bf6-a810-c19fc5b3d6d4,4db63e52-b8bf-478a-b65d-3cb369ec51e1,dcc6149b-d4af-4f15-ab2e-c4e54ba01a3c,17/09/2019 00:36:00
da09de85-9f8f-4386-95bf-2b15a529957b,b2e129ca-d354-4b13-9103-0654fe27418b,037b39e3-3a38-4b9f-99ab-6b5d49b3ed4e,17/09/2019 00:55:10
70d5f303-5ba8-4f54-9693-9875908b605c,90cda823-2d7d-4101-815a-89c184ec4d84,1b72d990-f55a-4c5d-a3b9-b19f242370fb,17/09/2019 01:24:26
7a04871d-6f34-4ad2-9afd-61eb873d54ec,c453ca91-e447-4715-849f-9abba04083d0,037b39e3-3a38-4b9f-99ab-6b5d49b3ed4e,17/09/2019 02:06:37
e7ddabe3-be59-4c8c-b04d-346124505ff6,968d2208-6e0c-44de-9492-f731e80788aa,dcc6149b-d4af-4f15-ab2e-c4e54ba01a3c,17/09/2019 02:08:51
fb86f992-c74e-46d3-b62c-417aec9bc9c6,bc1ade7e-cf32-44dd-aba0-fcc95c987901,58947e0c-7e01-49c2-8a20-6ede35d906b1,17/09/2019 02:14:41
a7e0c7f1-af28-4a82-89ed-f167f88e2121,157e0b46-fce9-495a-8dac-718479317054,def87402-dc83-469b-b5da-de8771f291d3,17/09/2019 02:32:01
169a906c-6780-4f86-9bd4-59d265ede75a,85fefe11-56ae-438f-9ac6-f3f3df2b1aa5,38bcbce4-e290-489c-b747-5bbb8383a8c7,17/09/2019 02:40:22
50ddb460-f9d4-46b3-aab0-3d5a4882fc6a,e953bd54-8db9-4c98-b1f2-00a4e32cbc8e,80e2abe6-0b4e-4473-bb9e-2ef571e421a6,17/09/2019 02:47:47
0b35b4c0-8124-4c49-ab59-d9220c6db63b,7e5a5d57-4f34-4c6c-8554-359eec884818,8b24a91d-6406-4753-a1c5-91e356853126,17/09/2019 03:03:56
4c03a4f6-1da7-47f0-85b8-d35176e87826,3e33c7d9-90f2-4e92-84eb-7c0ab056666b,def87402-dc83-469b-b5da-de8771f291d3,17/09/2019 03:05:55
671f3538-b414-4509-b928-5e468ba4af79,041045de-0e66-4079-bfab-0751d5a28470,9e5d2ada-aa4e-4771-a15c-716aa067a623,17/09/2019 03:15:09
904d5971-ef2b-43b7-861b-74a972dc797d,ac28437e-f497-44d1-9dfe-90d6f80d94bc,42a35e16-6322-4bd3-a330-b7a057c55a1f,17/09/2019 03:20:50
a9086da7-c4d6-4f1f-ad54-dd5ea9327d20,ff87ec38-df82-4dab-a82c-e6d3915dc3c9,db3ed863-62f3-46c7-ac4a-3a10aa613a14,17/09/2019 03:28:07
2d6c5da5-e8f5-48ba-a0d9-4e7249644017,8ce5f363-2c29-4882-bd60-8450c0a9e657,db3ed863-62f3-46c7-ac4a-3a10aa613a14,17/09/2019 03:29:29
ebb837c4-32ca-44bc-bd31-f3ad505ae116,86dc405c-72a7-4001-9fce-2e396c3d5c74,037b39e3-3a38-4b9f-99ab-6b5d49b3ed4e,17/09/2019 03:38:24
61039515-efa2-49e4-b0ae-939151fb4638,7b97c987-b84c-49ec-b21a-a83321515828,def87402-dc83-469b-b5da-de8771f291d3,17/09/2019 03:42:42
971f28dd-20cb-4b6b-9494-3bfa3b8853ee,c4530c41-6d5b-4aef-a568-2206b5f3a818,7e83d47a-c9f2-4b15-858b-b268188523d0,17/09/2019 03:57:44
0b571e08-df12-46ad-a8c7-5c20961a3e2d,9d8c7023-2837-4215-8aee-0705a4efa4fe,22dce81a-00b0-4bdb-b1ca-6f314a832506,17/09/2019 04:05:50
800adb98-2fb1-4133-ae9d-dde222a11ba5,63b789e3-4453-404e-acc9-95aa518763fb,1f67171a-61f1-489d-b4c2-3f10963a9e4b,17/09/2019 04:08:30
799db6d3-4203-4af5-9b84-01fbbc3ac909,b72256fa-35d3-4f9b-8875-afefe4bd207e,9e5d2ada-aa4e-4771-a15c-716aa067a623,17/09/2019 04:09:38
74e9f4a2-14a3-487f-97b2-6261e1c88aeb,f4ce5c49-224a-4197-8d65-fbb9c0869de5,f750b4a6-596a-4230-a9f3-a546d3fdc6d1,17/09/2019 04:11:00
5d45df06-66d8-4d33-a7ae-941e83a0bbf3,51bfa2c7-7f42-493f-8e22-3defec821abe,f750b4a6-596a-4230-a9f3-a546d3fdc6d1,17/09/2019 04:15:07
b4ee603b-e491-4679-8cbe-1ec0de6a8035,605cee65-3488-442c-903a-53041b9c8167,38bcbce4-e290-489c-b747-5bbb8383a8c7,17/09/2019 04:20:20
029f1c58-7e9e-49af-ad75-6fd7264be64b,be8578a2-8267-4e45-806a-df38b56e7049,8b24a91d-6406-4753-a1c5-91e356853126,17/09/2019 04:20:20
777809bd-6604-491b-8529-78749fef86e5,25031cfd-2441-48fe-861f-4b097df97142,38bcbce4-e290-489c-b747-5bbb8383a8c7,17/09/2019 04:23:39
4c3c0af6-9d3f-4a67-90a1-97a11dc5a5fa,1de8ee61-ac90-47e8-ae50-ece484599f98,5748889b-93e4-48bb-9505-8b7fd113159e,17/09/2019 04:32:13
e1214b72-77ba-4554-9e9b-3f1dee60a314,8f001304-5460-43c9-b3e8-e8592cab84aa,42a35e16-6322-4bd3-a330-b7a057c55a1f,17/09/2019 04:35:18
b5fed1fe-719d-465e-b2cd-efa11084c9e4,00d6159d-592f-44e0-a2fa-cc45d90adc2d,9e5d2ada-aa4e-4771-a15c-716aa067a623,17/09/2019 04:38:02
c4c388e7-907c-495b-b486-c329ef4d2b0b,7c28dc2f-1aec-4e4e-bf8b-db002c6cfc3d,8b24a91d-6406-4753-a1c5-91e356853126,17/09/2019 04:42:12
672467e7-a3d2-4566-be44-3b920bf28dfe,125de7df-cbd1-4797-bf83-6dd5f4f174f6,def87402-dc83-469b-b5da-de8771f291d3,17/09/2019 04:47:55
0a162c23-d5a3-439c-99a6-123fd3f75bf0,51f37704-de75-4cb3-ba85-03417d3084b5,7e83d47a-c9f2-4b15-858b-b268188523d0,17/09/2019 04:48:11
65ff0241-b980-4d15-bfbb-4f77305484d1,1c620b13-39cd-4b98-803b-b5f25a94a163,7e83d47a-c9f2-4b15-858b-b268188523d0,17/09/2019 05:11:06
c79118e2-0df9-4d44-b616-1b7faa2dc7d4,5f36d297-d022-4642-a7b0-952df60a9eca,80e2abe6-0b4e-4473-bb9e-2ef571e421a6,17/09/2019 05:14:00
0f20f750-0497-455d-a132-7de50c6518e4,56ef6812-69da-4989-becd-c9cdc69aa660,def87402-dc83-469b-b5da-de8771f291d3,17/09/2019 05:17:59
63be338b-3fcb-4b53-81b3-98850cd47564,b9e0bf58-166c-4ed1-8306-af0548d04934,60146cd0-77fb-4657-8597-1e963a21f407,17/09/2019 05:18:08
1d257fde-3c8f-40c9-a6aa-c0c9fa26bbcf,e152d135-fa42-4b39-8a68-85724cc3878b,1b72d990-f55a-4c5d-a3b9-b19f242370fb,17/09/2019 05:20:18
0d6d9934-2cd3-4231-b2fa-26751ca79786,5a3c8cf5-d280-4b88-86be-7a4e7d7077bf,8b24a91d-6406-4753-a1c5-91e356853126,17/09/2019 05:21:18
3b8eb44e-abdd-43a3-9bfd-6567ca43503b,8e5d74c2-5fad-40e4-bc4a-cade9a4d400b,037b39e3-3a38-4b9f-99ab-6b5d49b3ed4e,17/09/2019 05:30:55
41b76f6c-abcf-4f7f-8baa-8aa46b4b3e19,4a4d4223-f2b9-4ada-a5f8-0dacc8ba501c,dcc6149b-d4af-4f15-ab2e-c4e54ba01a3c,17/09/2019 05:35:53
525f85a5-57a1-42a1-9666-aa6dfc0c956f,5a70666a-4456-4297-9ff3-079ab088dcfb,dcc6149b-d4af-4f15-ab2e-c4e54ba01a3c,17/09/2019 05:37:22
5a156a23-ff49-4a6e-9b2f-249b59a5681f,8883fb18-d4fd-4192-bdb8-03eef054f5b4,dcc6149b-d4af-4f15-ab2e-c4e54ba01a3c,17/09/2019 05:44:50
694fff68-c5b8-4b19-ae85-77f93919f80c,6dcaaa3b-ad69-4793-8707-42dc69653a3c,5748889b-93e4-48bb-9505-8b7fd113159e,17/09/2019 05:46:17
09c0fe52-f8f6-4403-b1c1-5c7c8679e1fd,4b15f263-f046-472d-9542-9db1cb42f6a1,22dce81a-00b0-4bdb-b1ca-6f314a832506,17/09/2019 05:55:34
9dda955d-4a7d-41e6-bf0e-0ae49f19c7c8,b555aa45-ecb4-4924-b153-3673881dc700,1f67171a-61f1-489d-b4c2-3f10963a9e4b,17/09/2019 06:00:26
f93801c2-c232-4eaf-834a-698b14ece0a2,a4d61ca5-383e-47a4-b129-6b6bae3dd716,2b98be9c-ddd8-44d8-a7ce-6e0f23b0d4f1,17/09/2019 06:03:59
45bb0c2f-459f-4f61-abfa-54acb5e68197,8f0a915f-cafc-4f6e-896f-6f87f8da6a8c,9e5d2ada-aa4e-4771-a15c-716aa067a623,17/09/2019 06:04:21
4da02c47-c976-42fe-8333-88b7be436e68,e622e038-756a-4da8-8297-eb8fdd919205,80e2abe6-0b4e-4473-bb9e-2ef571e421a6,17/09/2019 06:04:24
33be234b-7cd6-4de8-bd14-a47b45747dec,0da7e3be-82ea-458d-9a75-e39456066d19,38bcbce4-e290-489c-b747-5bbb8383a8c7,17/09/2019 06:05:13
48971968-f6ba-45bb-8e57-5ddf68eda81e,6959aef8-c7ee-4a7e-a17e-a4b0af4a2de1,037b39e3-3a38-4b9f-99ab-6b5d49b3ed4e,17/09/2019 06:06:53
9585b601-d010-4971-8431-d951d8e8547f,22a4ec4f-122d-4f64-bdb3-95fd751bf8cb,def87402-dc83-469b-b5da-de8771f291d3,17/09/2019 06:08:55
995b67d8-8dee-410e-8d57-76bc3d519aa3,b92af49c-a379-4679-baed-0d4e36d11336,42a35e16-6322-4bd3-a330-b7a057c55a1f,17/09/2019 06:10:12
b0978c1d-4898-4cab-ae87-59e5c3d25cb5,317dd428-b55b-4a27-aa18-dd64bd85d63e,1f67171a-61f1-489d-b4c2-3f10963a9e4b,17/09/2019 06:11:08
d5b9803a-d140-4518-a024-81c96cc49fa2,c2f7ce79-284b-40a8-9658-f21a678f3c05,1b72d990-f55a-4c5d-a3b9-b19f242370fb,17/09/2019 06:11:25
3ea5c8cf-ee86-446f-b0d4-5c193c9eac4e,e01d98dc-71ec-419d-8a91-cd19f598cd7d,f750b4a6-596a-4230-a9f3-a546d3fdc6d1,17/09/2019 06:11:27
6c7c30fe-66bc-4f43-bbe1-68e53be95cde,0dc068d4-1286-498e-9758-66403ca5926b,58947e0c-7e01-49c2-8a20-6ede35d906b1,17/09/2019 06:13:56
732230b0-c834-409e-a6b9-79aa2eb988a8,765750b8-4f24-43f3-a874-ffecc63e3c85,9e5d2ada-aa4e-4771-a15c-716aa067a623,17/09/2019 06:16:20
1f9f9fd6-6c83-4a43-87a6-3d549ed68164,3b1cc8df-7d78-4aa6-b6e1-4293431e1c04,db3ed863-62f3-46c7-ac4a-3a10aa613a14,17/09/2019 06:16:39
1431a21b-9af5-4637-afda-b16efa139991,4e21b93c-af7e-4a3a-8512-6c1ededa75ed,f750b4a6-596a-4230-a9f3-a546d3fdc6d1,17/09/2019 06:18:35
a9b551b5-08df-4577-836e-4e8d82aa065e,cd45dfc4-8056-4a75-aa1f-080ee50ac3fe,1f67171a-61f1-489d-b4c2-3f10963a9e4b,17/09/2019 06:21:00
13f595b0-6c6c-40b8-9968-ce10e2f144aa,350dbbbc-f2df-497b-8d57-f3eb93bbc339,42a35e16-6322-4bd3-a330-b7a057c55a1f,17/09/2019 06:22:51
34e4b888-0ea0-40dc-a01e-fdfddd980213,52fa4ca8-799e-4a53-8174-5adc7407c7fd,ead3aad7-5cdb-49c7-af79-68a42f14b4b6,17/09/2019 06:23:23
89d949ed-5980-4ca9-a59b-6f2477ba1387,eaccabc9-5d9a-4de3-bb8f-464e14932ba0,80e2abe6-0b4e-4473-bb9e-2ef571e421a6,17/09/2019 06:24:47
94b6cd79-9345-488c-bd15-9fd1547d9ddc,ac0b1c07-66da-4023-b116-88c620383c2d,ae1938fa-8a6a-47a7-9a7c-d1fca32fecea,17/09/2019 06:28:11
060a658b-de1a-45e1-9d05-fc9e527bc5e1,78d7aeae-90b6-47be-ba5c-a77be75a87ce,38bcbce4-e290-489c-b747-5bbb8383a8c7,17/09/2019 06:35:25
cdec842a-e7af-4891-815d-328678336804,8402b11a-9fe3-4f58-9cce-a416b1022662,5748889b-93e4-48bb-9505-8b7fd113159e,17/09/2019 06:38:29
e75ea33d-9883-4367-8844-994adcdb5c30,69aa4d27-c8a3-45c3-8038-89e612a173ae,def87402-dc83-469b-b5da-de8771f291d3,17/09/2019 06:38:30
e61355a9-043c-4e5c-87ad-ddded949a8bf,4ef76cf6-e6ab-4272-9fe6-4a58cc678027,8b24a91d-6406-4753-a1c5-91e356853126,17/09/2019 06:39:52
5629c3f0-6152-415f-9925-116b94ed6240,dee23c66-eced-4aa6-a89e-45d9aa6038c6,2b98be9c-ddd8-44d8-a7ce-6e0f23b0d4f1,17/09/2019 06:40:07
0de85666-158c-4c8b-a875-ce1fafaa75d6,f8f1c2b7-ef4e-4dea-8fdf-e97f47fee6b8,dcc6149b-d4af-4f15-ab2e-c4e54ba01a3c,17/09/2019 06:40:45
e2ebbbb1-4962-40c1-9692-d067f8daa37d,7b1467ea-7736-4dbe-875c-457ba863cbba,1b72d990-f55a-4c5d-a3b9-b19f242370fb,17/09/2019 06:45:52
b51480b6-846a-4e53-beae-b4e51de332a9,a4958461-f373-4109-b85b-331da1ac6661,60146cd0-77fb-4657-8597-1e963a21f407,17/09/2019 06:45:56
89c354e9-e590-4874-aebd-2fadb838d780,c4bc105b-3d24-44bc-a315-ed18e2f4b2bd,8b24a91d-6406-4753-a1c5-91e356853126,17/09/2019 06:50:01
9d8c1be7-a208-482a-a572-109d5a751920,c8752003-5ee2-4f63-b6a4-0ea3ccde5b22,ead3aad7-5cdb-49c7-af79-68a42f14b4b6,17/09/2019 06:54:34
0d975eac-7420-4d8b-882c-a07d2ad93283,588adc47-67dc-4027-b730-de2d302a7fc6,2b98be9c-ddd8-44d8-a7ce-6e0f23b0d4f1,17/09/2019 06:59:07
e0a4fdb2-850e-476e-82f2-7dfa3aa3b670,2fd644e4-aae4-42e0-8fd6-38bf16888393,7e83d47a-c9f2-4b15-858b-b268188523d0,17/09/2019 07:01:33
0f5558ec-1331-411c-a9c2-5132eb32e719,9f68f15c-9420-4137-8976-0813c52f76c6,dcc6149b-d4af-4f15-ab2e-c4e54ba01a3c,17/09/2019 07:04:45
689bdfc8-92a1-493e-ad00-0eba2e2a7837,002e323f-57d0-4c8f-a583-0ada712661f3,1b72d990-f55a-4c5d-a3b9-b19f242370fb,17/09/2019 07:06:50
79ff964b-b5f6-4cd4-8de3-27a885907eca,1095f2f7-b106-4777-bf39-ce73b106dbdd,22dce81a-00b0-4bdb-b1ca-6f314a832506,17/09/2019 07:32:18
782d9225-f271-45ca-bcc6-d34ac2bbc0f4,ae36692a-5e01-4e6f-86b1-89ba801a7f4d,db3ed863-62f3-46c7-ac4a-3a10aa613a14,17/09/2019 07:40:41
e50cc162-6ae8-440c-9642-3f6018ba96e0,1d7d36cb-4918-4b5a-b8c6-7c5d8df58b1f,42a35e16-6322-4bd3-a330-b7a057c55a1f,17/09/2019 07:55:55
8804719f-b263-4830-ba7f-5eee04d3c560,7dd08a1f-4414-48bf-9537-1b5cb142975f,58947e0c-7e01-49c2-8a20-6ede35d906b1,17/09/2019 07:57:56
952915b1-ece8-4821-a794-a3544f5b8149,3cafe658-5c54-4ba1-a555-3552010cbabe,38bcbce4-e290-489c-b747-5bbb8383a8c7,17/09/2019 08:03:10
6003cd2f-cbc9-4cc7-805d-1de1a66b7203,9f098a89-0d67-4075-8cc0-0fad7e603fb6,58947e0c-7e01-49c2-8a20-6ede35d906b1,17/09/2019 08:03:17
cbf278f3-daf6-4f00-8496-4f77a3332b19,93660d07-e859-4748-8ae6-58b686c4499b,1f67171a-61f1-489d-b4c2-3f10963a9e4b,17/09/2019 08:06:52
bdaaa1ae-fdc0-4565-850d-3f57f401c51b,aac286ea-01c1-46ef-bf7d-a6b4bfb5de2e,58947e0c-7e01-49c2-8a20-6ede35d906b1,17/09/2019 08:07:05
aac57de4-96fb-44ee-b310-ab77ccc37b7a,c3b3c2c2-67f0-441d-aa86-faaadf7da534,1f67171a-61f1-489d-b4c2-3f10963a9e4b,17/09/2019 08:07:18
dd9e7416-3981-4bf6-93e6-d2e76af204b4,7d448f6d-351f-45e0-8e4c-5c55aa543131,60146cd0-77fb-4657-8597-1e963a21f407,17/09/2019 08:07:59
d073b5b2-e9af-4a7c-b76e-86ca9ee76c71,7be70d54-7ebc-41da-85cb-e69298b651bd,60146cd0-77fb-4657-8597-1e963a21f407,17/09/2019 08:08:28
e752eb6d-d47a-48ac-b1f4-f5df15601759,04a05958-4221-4de7-8fdc-1346997d9647,7e83d47a-c9f2-4b15-858b-b268188523d0,17/09/2019 08:09:27
d434578a-b670-45b9-b7ee-0d8b43956bd6,2e8327e3-f1b1-4a49-816b-0e36b41084b7,80e2abe6-0b4e-4473-bb9e-2ef571e421a6,17/09/2019 08:11:24
d1670784-d90d-47c9-a371-0c2894dc119d,c169eff5-acde-4280-a7e8-f6cb67867b35,2b98be9c-ddd8-44d8-a7ce-6e0f23b0d4f1,17/09/2019 08:12:03
7219d110-2e7e-4bf6-a574-4126a3eea309,3a84ec88-aa65-4b68-9214-6fa62ffa8468,9e5d2ada-aa4e-4771-a15c-716aa067a623,17/09/2019 08:14:20
fe2527c5-9921-4032-bd62-4908613aa157,8416afb8-1bfe-4383-90c7-a1f9bfec4c74,037b39e3-3a38-4b9f-99ab-6b5d49b3ed4e,17/09/2019 08:15:10
ac4aa148-934e-4df0-bf45-5df9f1c0431b,7da33dbf-32e3-447d-80d6-4be9903a7168,5748889b-93e4-48bb-9505-8b7fd113159e,17/09/2019 08:15:54
8fae2805-7277-4094-95d7-98d1c06da04c,75c7bc61-f261-4414-9fd4-f6e8f39bc691,42a35e16-6322-4bd3-a330-b7a057c55a1f,17/09/2019 08:16:25
e69721ad-cd54-4ec6-ba0b-8296d7968178,525ab8fa-8304-4ed4-a03a-f5a0e4658948,ead3aad7-5cdb-49c7-af79-68a42f14b4b6,17/09/2019 08:16:55
21f0dc42-496d-4076-8b54-7f776c1ad76e,b767dc6a-009e-424e-80a3-b86f886023b1,80e2abe6-0b4e-4473-bb9e-2ef571e421a6,17/09/2019 08:18:01
d537d248-d83b-4ae3-adf0-a4db9d2c5162,6e50b611-ad91-4b98-aa11-37709a78fba6,f750b4a6-596a-4230-a9f3-a546d3fdc6d1,17/09/2019 08:18:06
8f25bea3-3d07-437e-8368-a00952403d00,6b82228f-3368-41ea-9724-378878ad710f,1f67171a-61f1-489d-b4c2-3f10963a9e4b,17/09/2019 08:19:30
e0433706-baa6-4784-965f-8ba3c81b729e,21d3cdaf-dc2e-43e5-a425-fda9905f23a9,7e83d47a-c9f2-4b15-858b-b268188523d0,17/09/2019 08:19:51
ccf2742a-206a-4f84-ad01-b02079422495,f6c6427b-e6ec-4e75-b523-ed7cedb61565,42a35e16-6322-4bd3-a330-b7a057c55a1f,17/09/2019 08:19:59
f053935c-70f1-4142-bd30-dfb5f26ff709,cd56c2f0-a8e1-4613-bcb8-de82e12d4226,80e2abe6-0b4e-4473-bb9e-2ef571e421a6,17/09/2019 08:20:18
54ba8ea1-d3af-4e5d-99f3-e19dd8a02564,db06f844-ba8e-43cb-a5ce-96df41dfd5e8,f750b4a6-596a-4230-a9f3-a546d3fdc6d1,17/09/2019 08:21:23
964cdf2b-a980-4177-a28c-b778d8b4300b,8700d842-0c8d-48a8-970d-c62a03a97944,1b72d990-f55a-4c5d-a3b9-b19f242370fb,17/09/2019 08:23:35
de1cbed1-8a29-4021-ac7f-cf6bd61a7c07,dc3e4c3e-7a0e-44d9-ae74-ff916e4963d9,db3ed863-62f3-46c7-ac4a-3a10aa613a14,17/09/2019 08:27:24
fdd12019-adf2-4a08-93e5-4616746cb06b,ed95a2d9-44b7-449d-9568-e196df1a5bbb,42a35e16-6322-4bd3-a330-b7a057c55a1f,17/09/2019 08:27:56
cf98cc9a-2349-4a52-bab8-835967a79e21,11fddf1a-1ec8-4acf-a247-feddc4fc42c1,dcc6149b-d4af-4f15-ab2e-c4e54ba01a3c,17/09/2019 08:29:08
fe4d57a9-99ab-4d98-ace2-3ea81044d10a,5d824bca-dd8b-41ef-80c8-e73b55194201,9e5d2ada-aa4e-4771-a15c-716aa067a623,17/09/2019 08:29:36
da4da72c-fb8c-452d-83b8-d55045f585da,99c2880d-3a4f-4fd3-9f0d-99da17f44c52,38bcbce4-e290-489c-b747-5bbb8383a8c7,17/09/2019 08:29:49
8af52ce6-fbfa-43b3-aaaf-c786cd433d01,84f1f6e5-ede2-48d3-86bd-b08c63ec8cf3,8b24a91d-6406-4753-a1c5-91e356853126,17/09/2019 08:32:22
4aebc8c3-a241-412c-a0fb-244ae3f434a0,b6c85b5f-3e55-42b2-b713-58b9f511770e,22dce81a-00b0-4bdb-b1ca-6f314a832506,17/09/2019 08:32:46
91160805-9b3e-40e1-a832-5261ea3a8c08,40b4ad03-8fb7-4eee-b935-0e85c38ffbec,db3ed863-62f3-46c7-ac4a-3a10aa613a14,17/09/2019 08:38:59
83e62e18-a308-4992-8183-76f938dbfc78,27255298-7fd3-4c28-a88f-6de4c8b139c2,ae1938fa-8a6a-47a7-9a7c-d1fca32fecea,17/09/2019 08:41:31
9abf9c79-83f8-49e5-8e57-872c05f6b427,9c5958bc-8d22-49a3-94a7-0d9552a3f6e5,1b72d990-f55a-4c5d-a3b9-b19f242370fb,17/09/2019 08:44:10
56b88b6d-dfa1-4d9c-8633-c430610b3bbc,82e62481-9e02-4f11-8dc5-d7c2383fa649,ae1938fa-8a6a-47a7-9a7c-d1fca32fecea,17/09/2019 08:46:37
68bd36e7-af01-4c48-93f1-ef88f8da40ec,a39e42ed-30ff-4aec-8dd0-684f05f2f212,def87402-dc83-469b-b5da-de8771f291d3,17/09/2019 08:47:04
5ebabb8e-1e76-4dfb-94d8-cb45151aefde,2b5da482-bedb-4324-a197-3906067eb6e4,def87402-dc83-469b-b5da-de8771f291d3,17/09/2019 08:48:18
04c7d13e-8bbc-49cf-840b-8e3314c7505e,8443c19a-f2b7-4a14-8538-e762c148bda8,58947e0c-7e01-49c2-8a20-6ede35d906b1,17/09/2019 08:58:04
fef45fcf-b375-4210-ab95-54103f51c8f5,ae689189-d96a-49e6-ba74-8e40779598fe,22dce81a-00b0-4bdb-b1ca-6f314a832506,17/09/2019 08:59:00
944a64d9-a9dd-4204-a98c-6f5e43300177,71e51043-9201-4950-a611-b4344f97f5f4,8b24a91d-6406-4753-a1c5-91e356853126,17/09/2019 08:59:47
a71fc7ed-eb24-4c1a-8663-5a1c6d21be69,105feab8-c74b-4a65-a594-c6265c93be9f,9e5d2ada-aa4e-4771-a15c-716aa067a623,17/09/2019 09:02:40
482e17fb-7807-4bab-95f4-c2f8d333c799,e05e3286-0168-499d-bb52-e9ea82133b57,5748889b-93e4-48bb-9505-8b7fd113159e,17/09/2019 09:04:45
105c1e13-f0ac-4c7c-8d4c-40dfc7d92384,85a8914d-f521-40ba-a406-7102bbb22f2f,5748889b-93e4-48bb-9505-8b7fd113159e,17/09/2019 09:09:43
56412473-68b7-4c64-97d4-17cae542583c,570666c8-c859-4f6a-bd36-b2b28847be4f,db3ed863-62f3-46c7-ac4a-3a10aa613a14,17/09/2019 09:10:38
fe16e542-13e6-4ce0-b754-e9bbb2453695,de8c55d0-0f93-43aa-a8c8-0a6ad64afbc3,2b98be9c-ddd8-44d8-a7ce-6e0f23b0d4f1,17/09/2019 09:12:57
7267de39-04fc-49f5-bf17-bcf6127b44f4,2ed7ab9e-cc2e-4360-a122-1ff56c8c479c,38bcbce4-e290-489c-b747-5bbb8383a8c7,17/09/2019 09:16:36
75e2c649-9519-491c-9c7e-da8be541d259,6dd8baef-5747-400c-95aa-53ec7f2e85c0,f750b4a6-596a-4230-a9f3-a546d3fdc6d1,17/09/2019 09:36:19
f6f9d205-a64f-448c-bd70-2652651db307,fa42db8d-9d96-4815-8e52-1fdcd2c41aa4,037b39e3-3a38-4b9f-99ab-6b5d49b3ed4e,17/09/2019 09:37:45
737f25c7-c65c-4900-9377-d5d8658fadf0,9fe2f956-7273-47da-8550-5c26d47433ca,ead3aad7-5cdb-49c7-af79-68a42f14b4b6,17/09/2019 09:38:21
e03378e9-c82f-4049-b0be-862ec6d71429,452d229f-7259-482d-a9ba-bcd739f85518,22dce81a-00b0-4bdb-b1ca-6f314a832506,17/09/2019 09:40:06
f7a62ca3-e7cc-4d6f-a971-e6cf4982b757,1658f4c9-9734-4c56-980e-f7960754ad75,7e83d47a-c9f2-4b15-858b-b268188523d0,17/09/2019 09:48:57
bf697c52-8e02-42b5-862d-34eae269d192,e3dfd4c9-e07a-4754-b554-13ed43f6706c,ae1938fa-8a6a-47a7-9a7c-d1fca32fecea,17/09/2019 09:51:24
0945e4b6-2709-4314-b1e6-27d597652a3f,33348210-4184-4883-8cdf-a13096496881,dcc6149b-d4af-4f15-ab2e-c4e54ba01a3c,17/09/2019 09:51:28
e8cfb7f0-9a69-45c8-ac4d-78132ec32bf0,5c2a8870-39bd-48fb-8e78-708ffa7dc338,60146cd0-77fb-4657-8597-1e963a21f407,17/09/2019 10:03:51
7b378c56-2f01-4710-9327-e63145ec9be4,ae650599-693b-4f8d-9746-00dd8bf16034,1f67171a-61f1-489d-b4c2-3f10963a9e4b,17/09/2019 10:05:38
9bb47645-2e94-4d60-8b2a-c0793abeca9b,7e618ced-d34c-43bd-9b77-e7f363727fc5,1b72d990-f55a-4c5d-a3b9-b19f242370fb,17/09/2019 10:05:50
2fe6feb5-125d-410a-b0e8-89164ef586b7,21c84b2e-fe65-44b6-b287-58d7d385da2a,7e83d47a-c9f2-4b15-858b-b268188523d0,17/09/2019 10:06:15
bc3ca5d9-be13-4ab6-902f-5d163611c919,0db148f2-99fd-49e2-af0e-ec2a3232f511,80e2abe6-0b4e-4473-bb9e-2ef571e421a6,17/09/2019 10:14:21
a53310dd-5009-42a3-892a-6fa38ae0c700,48dfe82f-c25b-4bb4-a9b0-862caf06abcf,dcc6149b-d4af-4f15-ab2e-c4e54ba01a3c,17/09/2019 10:18:13
7c9774d6-5204-4de2-9e3b-cf36439a10c4,be37a212-a716-48f3-88ed-a1489c59a6c8,5748889b-93e4-48bb-9505-8b7fd113159e,17/09/2019 10:18:18
cf7a1662-24bb-4712-9d8c-14fd15d54538,6e086aa7-75e1-40d2-b79b-41b7997e96d9,1b72d990-f55a-4c5d-a3b9-b19f242370fb,17/09/2019 10:18:41
184d6c5c-2bb6-4e37-9e33-1981c03b8d56,231faa79-a21f-4497-a440-237c25e88f29,8b24a91d-6406-4753-a1c5-91e356853126,17/09/2019 10:21:47
d4d40d1a-72b4-42bb-9b23-0b629ef98e6f,9772ec65-e471-434a-88d0-e926a5548b53,1f67171a-61f1-489d-b4c2-3f10963a9e4b,17/09/2019 10:22:17
3f5d3d23-8739-45c0-b3d7-701c18dd4c2c,972c6f4b-8bde-4af5-bec1-70a9b55f75c8,60146cd0-77fb-4657-8597-1e963a21f407,17/09/2019 10:26:58
96f6d785-f78f-4665-ba86-3e34e8ed116f,a0a21ae4-13dc-40e8-96f0-7550f3cbccc1,f750b4a6-596a-4230-a9f3-a546d3fdc6d1,17/09/2019 10:34:00
2d0ed851-b853-4c18-99d7-65438e06768e,cf4f73f5-868e-4d1d-8627-02fe9dfeabe8,22dce81a-00b0-4bdb-b1ca-6f314a832506,17/09/2019 10:34:05
64d62594-eadc-4322-b78a-a78c58c7d6d4,56e2908e-2224-47e2-9015-a7e882ff160b,42a35e16-6322-4bd3-a330-b7a057c55a1f,17/09/2019 10:35:25
3b1397ba-b439-429e-8b5e-38671e31692a,16abc8ab-695c-4da4-ba17-31d868295758,5748889b-93e4-48bb-9505-8b7fd113159e,17/09/2019 10:35:59
b9fdb9ff-d91e-4a08-925a-0dbb964d7f68,5d64f268-e119-444a-9045-452e8fd86895,38bcbce4-e290-489c-b747-5bbb8383a8c7,17/09/2019 10:36:33
a4602930-5471-4afe-b10b-ec59a6d38a2a,97c71817-01ff-40e8-8dea-a2fdaac9bdf5,42a35e16-6322-4bd3-a330-b7a057c55a1f,17/09/2019 10:39:19
57b835a7-cfa9-435e-8b0b-426257387d6e,7e0d86e9-2bfa-49c3-99c9-3a85ae2df6df,ead3aad7-5cdb-49c7-af79-68a42f14b4b6,17/09/2019 10:41:52
eaef1cd8-972c-4fec-a47a-530d0bdecb15,9e9ba692-aa5d-4e50-be91-39b2d6a1c313,def87402-dc83-469b-b5da-de8771f291d3,17/09/2019 10:50:51
c4ac472a-48f1-4bdf-80b5-5ae11312470f,b0232b6e-2e3c-43e7-a2d5-53961bdf87d6,db3ed863-62f3-46c7-ac4a-3a10aa613a14,17/09/2019 10:53:09
1b4c8796-917a-4ac4-8474-88600a9bc452,e070f4fa-e0ab-492b-85f6-83dde373f0eb,ae1938fa-8a6a-47a7-9a7c-d1fca32fecea,17/09/2019 10:54:27
95d366e2-4c51-457d-953c-aa7953ccbea5,b609785d-7b39-4142-b249-a0123112f6e6,58947e0c-7e01-49c2-8a20-6ede35d906b1,17/09/2019 10:54:57
1b5575b2-8152-4642-9d55-ca3c979fc9d3,b9dc1d59-bf14-487d-ae67-0b197d91067d,9e5d2ada-aa4e-4771-a15c-716aa067a623,17/09/2019 10:55:38
3ba12c68-5963-4152-bc06-c9e5e86ccf4a,89d4237c-f652-4d86-94bc-96eea03cd398,037b39e3-3a38-4b9f-99ab-6b5d49b3ed4e,17/09/2019 10:57:05
cb448d85-c6bf-44dd-9ee9-6e444b832aa3,14a0358c-3436-4b9d-a184-8c0eed1abb76,db3ed863-62f3-46c7-ac4a-3a10aa613a14,17/09/2019 10:58:13
54973caa-b0db-4c01-8a1e-a1a44d093fca,e34ed5d5-f497-4cee-bce9-fd434fff07e5,22dce81a-00b0-4bdb-b1ca-6f314a832506,17/09/2019 11:02:31
577db2a4-301e-47e3-91f8-57d6beeec442,4edddc71-7e0a-45a1-aa58-7ab7d78329ab,dcc6149b-d4af-4f15-ab2e-c4e54ba01a3c,17/09/2019 11:06:37
de606fdb-0b2e-4547-a7a9-ff23cf3a62ed,f4d9fb1a-cc8b-4904-bca5-f37c31866230,037b39e3-3a38-4b9f-99ab-6b5d49b3ed4e,17/09/2019 11:08:36
64bc7d85-7ec7-4ded-b7c8-dfe50d3dd217,6aba72cd-db9a-4b4e-84cb-e6ed204c9ce3,2b98be9c-ddd8-44d8-a7ce-6e0f23b0d4f1,17/09/2019 11:08:38
c79a80de-05a7-4a84-b354-ff8347a3d047,34a20386-0ae0-4aad-92c3-d3ee5c177e25,38bcbce4-e290-489c-b747-5bbb8383a8c7,17/09/2019 11:15:49
823b1bf8-7264-41d0-b84f-d7adfdf2835e,c7e50023-3794-486b-8c5d-d28f79d7f92c,5748889b-93e4-48bb-9505-8b7fd113159e,17/09/2019 11:16:36
21aed530-72c4-4b50-bb81-623ae8ccf729,04ba1746-4029-4cef-86bd-afe7bcf8b899,1b72d990-f55a-4c5d-a3b9-b19f242370fb,17/09/2019 11:17:50
9b55359f-58a5-4b5a-95e8-a9c0f97ff28e,342476b3-6aec-4bf5-8236-70ec7641725a,22dce81a-00b0-4bdb-b1ca-6f314a832506,17/09/2019 11:20:44
50c96534-c4d7-4fd0-9335-d409b5e5150e,210eda6e-cdac-452c-b313-61f76aa9cd21,dcc6149b-d4af-4f15-ab2e-c4e54ba01a3c,17/09/2019 11:25:37
09995bd3-bdaa-4baf-bd0f-043666326701,d32f8860-7f11-4b76-b4fe-ac8d6e82deb6,037b39e3-3a38-4b9f-99ab-6b5d49b3ed4e,17/09/2019 11:25:41
32886054-7498-48b8-a423-544a1f55ffb7,2b3292e8-d004-42da-9c6c-58873a2454ab,7e83d47a-c9f2-4b15-858b-b268188523d0,17/09/2019 11:26:00
bcdee6d1-1fd7-4f7c-a70c-ae9c91f83728,833049e0-67d6-4f50-b1b1-771ae4aed00d,80e2abe6-0b4e-4473-bb9e-2ef571e421a6,17/09/2019 11:26:23
b462030f-bc1f-4160-ac05-2dddd7c32321,7a382139-33fa-4324-89ed-3193b38780e1,42a35e16-6322-4bd3-a330-b7a057c55a1f,17/09/2019 11:27:43
2eccecda-4dd7-4fea-af2f-7e759b9953bf,7a357913-0630-4fb6-abd9-3ef3522a0807,2b98be9c-ddd8-44d8-a7ce-6e0f23b0d4f1,17/09/2019 11:29:45
e226a10a-578b-4672-8780-4b0eddd8298f,2e2ded18-939b-4c0f-9e7d-ff2f0dba5c27,ae1938fa-8a6a-47a7-9a7c-d1fca32fecea,17/09/2019 11:37:27
716d40a4-deac-4ce1-966a-9d1049b80ee5,3ed4c3bc-3eec-4107-846d-40043ed8164f,58947e0c-7e01-49c2-8a20-6ede35d906b1,17/09/2019 11:42:34
2d190db7-d85a-4f8b-a4d6-9db1d5cc9806,4a1971c2-b6a9-4901-8d65-82b817cfd1d1,7e83d47a-c9f2-4b15-858b-b268188523d0,17/09/2019 11:52:23
8f5deeec-c4b3-42b7-8eae-f55ae33d0597,55348fba-59b1-4410-8cc9-8349181dff6c,f750b4a6-596a-4230-a9f3-a546d3fdc6d1,17/09/2019 12:01:07
a853981a-ff9d-4c31-806d-968b58b73bc3,da101e54-ebbc-4df9-b314-ee35ec7db1ad,60146cd0-77fb-4657-8597-1e963a21f407,17/09/2019 12:04:26
675796a3-f798-4baf-81c9-c7e92842bc6f,31bb3c05-1169-4769-955d-57df2d683e85,9e5d2ada-aa4e-4771-a15c-716aa067a623,17/09/2019 12:04:41
531bf369-3191-4314-8ed5-185735a5df55,62f2a209-5233-4852-9d68-7ca0c2121eb6,5748889b-93e4-48bb-9505-8b7fd113159e,17/09/2019 12:08:34
fd48c11c-d9c7-43db-ba18-6b6a051f6644,a06b8948-91b5-42ba-a723-a848591a7411,58947e0c-7e01-49c2-8a20-6ede35d906b1,17/09/2019 12:09:55
9fc59287-e89a-413b-9b78-b7f2807d50ab,15f28c06-da14-4e2e-b28e-3d9419cc55a6,58947e0c-7e01-49c2-8a20-6ede35d906b1,17/09/2019 12:09:56
5e72a3fd-c7d5-4fdd-a831-071d09409b72,02c07654-55d0-4d6c-a4e1-9961b8fa5160,037b39e3-3a38-4b9f-99ab-6b5d49b3ed4e,17/09/2019 12:10:43
7789c291-58c7-4541-b7d9-c09b0e6b865a,47442245-8aea-4cec-80a5-6426891012bf,db3ed863-62f3-46c7-ac4a-3a10aa613a14,17/09/2019 12:12:13
0900f6a3-bfe0-44b5-96e4-124a9d6310c0,8741df80-1ed1-47dc-8ce9-68ec5dc90e4e,037b39e3-3a38-4b9f-99ab-6b5d49b3ed4e,17/09/2019 12:14:18
c6a6ac6b-8b9d-44fd-8644-480cadcbcfa6,7bdc1bed-71ee-4d32-8187-90790f3f80f5,db3ed863-62f3-46c7-ac4a-3a10aa613a14,17/09/2019 12:14:25
702f5ed2-6206-4780-885d-f380a7652bb4,83160b23-7c6c-44b7-bccd-31b771371f4a,22dce81a-00b0-4bdb-b1ca-6f314a832506,17/09/2019 12:16:31
486a1e50-c47e-467a-b208-6ab22eebcba4,898940a8-3fc3-4e9d-a962-56c14fcdb68d,60146cd0-77fb-4657-8597-1e963a21f407,17/09/2019 12:18:39
6a923c8c-8395-4563-ba03-7341879a584d,63655717-a931-4efd-9564-d149ed1909f8,ae1938fa-8a6a-47a7-9a7c-d1fca32fecea,17/09/2019 12:24:09
b945a6ea-bc10-4487-bb50-a5b92d8dbc51,f07092df-707c-41ab-8033-e40eaac6d7e0,ead3aad7-5cdb-49c7-af79-68a42f14b4b6,17/09/2019 12:24:18
5a4c7ca5-4dae-4015-9b5a-427e16d6b8a0,d1ffd817-8526-4398-9554-8d6e1260e25d,f750b4a6-596a-4230-a9f3-a546d3fdc6d1,17/09/2019 12:25:37
198aed65-3f71-48a1-aad4-99ba7e8b656a,7fc66c53-601a-4869-bedc-6ef6f8f372b5,1f67171a-61f1-489d-b4c2-3f10963a9e4b,17/09/2019 12:26:07
e92974c6-a77a-45ca-b154-ac3e15b60b79,746e7207-bbc7-42fb-82d5-2a4137603c4f,5748889b-93e4-48bb-9505-8b7fd113159e,17/09/2019 12:27:53
e93fdcec-a334-49d0-a7ab-c68d64a76feb,3aab2b87-85bd-476c-8eee-5f6404ba7ca6,dcc6149b-d4af-4f15-ab2e-c4e54ba01a3c,17/09/2019 12:28:34
a9120851-1e33-4e0f-8532-602f05f826cf,b695a4b0-f1f0-49a8-807b-c788db02df69,1b72d990-f55a-4c5d-a3b9-b19f242370fb,17/09/2019 12:31:16
5221d3e9-78c5-4e9e-a651-3dfcb56d9ef1,9a0dbd91-2aed-483c-a1b3-1966a65e5966,60146cd0-77fb-4657-8597-1e963a21f407,17/09/2019 12:37:43
e4025b22-1113-4bb3-9a2d-841a248b9667,01159357-433e-4b6a-bbdd-801d9692720b,ead3aad7-5cdb-49c7-af79-68a42f14b4b6,17/09/2019 12:38:15
242c4769-8852-4c04-8d55-e125cf2c9acd,fd9ce85b-c2a0-4274-9142-b853b83cde7d,58947e0c-7e01-49c2-8a20-6ede35d906b1,17/09/2019 12:39:16
0e91f76e-c878-4c34-a636-ade4b6756989,0297402c-3e29-43d0-8489-5cbd91dd2700,7e83d47a-c9f2-4b15-858b-b268188523d0,17/09/2019 12:44:14
5610865c-bd96-491f-ac59-f30598811407,776a43f0-1f59-4f14-90a5-e24ff5da36cf,f750b4a6-596a-4230-a9f3-a546d3fdc6d1,17/09/2019 12:46:55
c87c2cd5-6e01-43ba-84f2-5df5d48eff8f,a1a49daf-ee94-40d6-ba0b-eb597aa25c9d,2b98be9c-ddd8-44d8-a7ce-6e0f23b0d4f1,17/09/2019 12:47:14
d5e04a27-3a62-4b5a-b8b3-ff73d4bfb612,f67b4e71-39dc-4428-8599-189af6e156e7,db3ed863-62f3-46c7-ac4a-3a10aa613a14,17/09/2019 12:50:46
5c0c537b-ea55-45e0-a480-a9f0237d1a6d,f3654c51-06ae-4a9d-a9c2-ad051d02326c,f750b4a6-596a-4230-a9f3-a546d3fdc6d1,17/09/2019 12:53:53
ccc65d7f-ba9f-4efb-8798-5ccc4ebd187d,7be5a578-1e07-4490-ba25-7fd1f8adab5b,7e83d47a-c9f2-4b15-858b-b268188523d0,17/09/2019 12:56:07
e45a7229-f5a9-4fee-a1a4-10f9450f9864,218814d4-aeb9-4d4f-b6d7-424bbfa5ec44,80e2abe6-0b4e-4473-bb9e-2ef571e421a6,17/09/2019 13:06:02
e4a3b019-0c62-431a-983b-9e6a78fd229f,3d7146c1-24cf-4dc5-9c2c-8f93005e318c,38bcbce4-e290-489c-b747-5bbb8383a8c7,17/09/2019 13:07:30
08cb54fb-85d4-4a4b-a3fe-76e14512378f,7b0b040f-1c44-4581-b256-9aa07ab71a28,037b39e3-3a38-4b9f-99ab-6b5d49b3ed4e,17/09/2019 13:09:54
6c53bb5e-e5f7-4044-8445-989225f7c5eb,a985b019-a2c7-42aa-9731-b8b574e945a2,80e2abe6-0b4e-4473-bb9e-2ef571e421a6,17/09/2019 13:10:03
1fc67951-c48a-450f-81a8-36f225119447,25091906-208c-4a8c-9c8d-ac1f632214d9,7e83d47a-c9f2-4b15-858b-b268188523d0,17/09/2019 13:13:27
06c13e42-fca1-4365-aaec-5b0f884ed80c,0fe0794c-fa7f-4711-811a-67f1cc22ec59,9e5d2ada-aa4e-4771-a15c-716aa067a623,17/09/2019 13:18:21
a9699dc8-c6aa-4a81-9828-c1798f3bf2c6,2408e223-2d9e-417f-b7e3-9348526b50ed,dcc6149b-d4af-4f15-ab2e-c4e54ba01a3c,17/09/2019 13:21:58
8d05af3a-f0db-43e1-9a23-41460b4709f5,46246b99-4b41-4a89-bceb-b3c6255473c9,ae1938fa-8a6a-47a7-9a7c-d1fca32fecea,17/09/2019 13:23:29
3df83011-8213-41f6-8ff3-13dffe81ef7d,5c64b6cd-161d-4067-8307-0c1081da1f24,1f67171a-61f1-489d-b4c2-3f10963a9e4b,17/09/2019 13:26:03
aa0a6080-1cfe-4c4b-a1bb-5dc36fb0e94c,a706f4c0-a0d9-4c8f-adde-2fdfb64cff3d,8b24a91d-6406-4753-a1c5-91e356853126,17/09/2019 13:27:21
91210297-a2da-48e0-b421-7592d70adce5,967b285b-6400-4110-90e2-9ac27cd6044f,8b24a91d-6406-4753-a1c5-91e356853126,17/09/2019 13:32:04
2ed2e47b-7c97-463f-a082-0fd588a24366,4b03ce61-2b24-4ace-a7d0-92b73b245354,5748889b-93e4-48bb-9505-8b7fd113159e,17/09/2019 13:35:32
c9b36b7b-efe2-4fd3-a9eb-3304406dc101,f0dd1fcf-4bb1-4ac6-93e6-2414adcd12f7,8b24a91d-6406-4753-a1c5-91e356853126,17/09/2019 13:51:13
416d7e87-f78a-477f-aa31-0a62643e9f88,252fb309-dbdc-4a32-b317-86ecdd369535,38bcbce4-e290-489c-b747-5bbb8383a8c7,17/09/2019 13:55:28
16241b2f-b42a-402f-b420-afbc145321ae,db491451-97ec-48cc-9ddd-f94b4318118b,ead3aad7-5cdb-49c7-af79-68a42f14b4b6,17/09/2019 14:04:24
2cfe8db7-97e5-45af-ab59-ef6f884a314a,146f49dc-4f13-4941-9a8e-ac146534c4f5,2b98be9c-ddd8-44d8-a7ce-6e0f23b0d4f1,17/09/2019 14:05:30
51eaa9a7-5974-4e61-ba05-edfd141fd90e,6f955218-71f5-4710-baac-1ec291352efb,5748889b-93e4-48bb-9505-8b7fd113159e,17/09/2019 14:07:57
35e434f9-c61e-41df-ba06-f7a465144b36,6583093d-ae33-4647-87de-b7683cf9f242,1f67171a-61f1-489d-b4c2-3f10963a9e4b,17/09/2019 14:08:51
e43c9da0-e8ff-4753-bfeb-c04a022b175b,e5fe9a47-5310-442b-8c87-3fc8bfd3b931,ead3aad7-5cdb-49c7-af79-68a42f14b4b6,17/09/2019 14:09:20
76c35f40-2d85-430c-8962-68cfb41dc7a2,6534ee58-8026-45ba-bfe2-f70cb8324986,ae1938fa-8a6a-47a7-9a7c-d1fca32fecea,17/09/2019 14:09:25
ca359363-acab-412c-9589-d1786db39007,6c13615c-4619-4e7b-93ca-85f6779c3aca,2b98be9c-ddd8-44d8-a7ce-6e0f23b0d4f1,17/09/2019 14:09:39
d67c764d-2e62-4ad6-8c8c-568b8f4fc794,9be8051a-a909-4d4f-9a15-83105efce83d,5748889b-93e4-48bb-9505-8b7fd113159e,17/09/2019 14:10:33
ba90fbd4-f7d1-495e-a7a2-9f85410b8563,63d66f46-d271-4f84-998d-fc44df7dc0a5,1b72d990-f55a-4c5d-a3b9-b19f242370fb,17/09/2019 14:10:39
322f8ca7-8dc6-4a7d-9092-bd8ba3b5a9e6,7343aec1-fa70-485a-92a1-8ed67f611349,9e5d2ada-aa4e-4771-a15c-716aa067a623,17/09/2019 14:10:41
274d620e-8697-4981-8502-232a2479cc7f,31fb3f1d-2763-4cf7-9f92-4d22649b13c6,80e2abe6-0b4e-4473-bb9e-2ef571e421a6,17/09/2019 14:10:45
4c4daae0-f21e-41f1-8bef-70bc63af2204,8c17b19f-f482-4941-800a-474735d87c05,60146cd0-77fb-4657-8597-1e963a21f407,17/09/2019 14:12:47
fece49fd-c375-4423-8418-3dcb7e13c1bf,0cf53b9c-cede-4fed-9687-ab45e288fb0d,def87402-dc83-469b-b5da-de8771f291d3,17/09/2019 14:12:55
82a534d9-3aac-4e8b-a8c6-60c6710dae45,492fb089-1a73-42b7-a36b-f3b7481ccfc5,dcc6149b-d4af-4f15-ab2e-c4e54ba01a3c,17/09/2019 14:14:07
cd884b77-4d7c-41fa-a057-0523fa741cee,73ec4b2e-8aba-4551-87e6-129e705e343c,42a35e16-6322-4bd3-a330-b7a057c55a1f,17/09/2019 14:16:03
973e3fa4-26e0-4d08-9c80-a9eee62c5cd7,a722b78d-43c9-4615-a4cd-ec438b77211f,1b72d990-f55a-4c5d-a3b9-b19f242370fb,17/09/2019 14:17:33
e069ec6f-1a55-44ce-9fd2-c29f8c00773b,1f0f1e97-e266-4eb3-96dd-ba3099cf7151,22dce81a-00b0-4bdb-b1ca-6f314a832506,17/09/2019 14:18:16
5eb9182d-c83f-49f6-b9fa-7e025dd95962,4b619b48-23d9-47c2-8d2b-1344094d6517,2b98be9c-ddd8-44d8-a7ce-6e0f23b0d4f1,17/09/2019 14:19:24
3cf5f725-1717-4d1d-93ed-24d4b3b29dd4,675a187b-468d-415f-9c38-ef956fcaef6e,38bcbce4-e290-489c-b747-5bbb8383a8c7,17/09/2019 14:21:03
64f5723c-af3d-4b2a-a94d-462d7661afee,baa26425-390f-4725-af53-2f0e2d74e2c6,7e83d47a-c9f2-4b15-858b-b268188523d0,17/09/2019 14:25:26
4c09ccf0-17ac-4d2f-968a-dfdd267ee2ef,02617229-bf51-491a-8400-38e3e7ee930a,9e5d2ada-aa4e-4771-a15c-716aa067a623,17/09/2019 14:27:40
dae49a90-6730-4835-b6d2-3900386a257a,d9ce5a9e-3afb-4d4c-934e-f2f37febf580,dcc6149b-d4af-4f15-ab2e-c4e54ba01a3c,17/09/2019 14:33:12
c141a0ff-cd6b-4637-bdfd-10e12257a9d0,1020cc80-085e-4c88-ba03-9ade076ff9f1,22dce81a-00b0-4bdb-b1ca-6f314a832506,17/09/2019 14:38:54
affd16be-43ff-4090-a4a9-f5b93675823a,81b2c9b6-ec4c-4477-a96a-cdbada71db30,1f67171a-61f1-489d-b4c2-3f10963a9e4b,17/09/2019 14:45:06
ded420a5-fab7-4e49-b112-eabec35268d6,07ae068b-812e-4b3a-bfca-9bf8565043c4,1f67171a-61f1-489d-b4c2-3f10963a9e4b,17/09/2019 14:45:28
2588d1d0-4210-4de8-86d4-0e63989823c1,2eeb9f95-cf8c-463b-b795-c984926dfc28,58947e0c-7e01-49c2-8a20-6ede35d906b1,17/09/2019 14:45:59
eb8ba5f2-c814-46e9-b69a-a0ceff870607,23a45f19-5129-4e29-a09d-c2a306a9bfa7,db3ed863-62f3-46c7-ac4a-3a10aa613a14,17/09/2019 14:58:12
e5e84424-cdcb-4727-a724-ca1617d4757a,958e4123-330d-4049-b72d-d2e4c829fa29,5748889b-93e4-48bb-9505-8b7fd113159e,17/09/2019 15:02:36
355ce662-e7ad-4a89-adab-a0fa74e21fed,5c58743c-e6ac-495c-9854-719e9ef778c8,9e5d2ada-aa4e-4771-a15c-716aa067a623,17/09/2019 15:03:32
57ba36db-51eb-4f97-9355-d8dfb808aa0e,802065ae-7e03-4cb0-a361-ad135f220d5a,ead3aad7-5cdb-49c7-af79-68a42f14b4b6,17/09/2019 15:04:17
c18bc7d7-7993-48ef-9037-95ff8a3a8ac4,7b9adcc1-3373-4a59-bcc3-e340f8a6da47,ae1938fa-8a6a-47a7-9a7c-d1fca32fecea,17/09/2019 15:05:22
35ffdda2-0558-488c-b6a6-5cc8ad262c0b,a50d5f27-2c8f-4dc3-ac02-b385b595d6d7,8b24a91d-6406-4753-a1c5-91e356853126,17/09/2019 15:18:20
09872497-6d1b-4683-84fc-0863d4e6a058,23d87f76-aaec-4c09-83e0-6ba84ccaf278,db3ed863-62f3-46c7-ac4a-3a10aa613a14,17/09/2019 15:22:11
e9cb9464-a1e6-4f91-a712-db3fdc3fdc08,862b481b-9b1e-407b-b90c-bc714ad57b9f,58947e0c-7e01-49c2-8a20-6ede35d906b1,17/09/2019 15:29:01
04adbb87-1428-46e8-ad27-b2044795ef7d,129cb482-1bdc-4b21-982f-36ec388588d1,f750b4a6-596a-4230-a9f3-a546d3fdc6d1,17/09/2019 15:29:08
065a84e9-c689-451b-afbe-ce16463de1b6,96c7fc1c-6c8f-43bc-8e76-8f27a4f9a88b,80e2abe6-0b4e-4473-bb9e-2ef571e421a6,17/09/2019 15:40:19
3b68f8ad-3b9e-470f-abf0-0a8fc4fc4f5e,dc9df133-6715-484e-a6f4-37ea89f9ef64,8b24a91d-6406-4753-a1c5-91e356853126,17/09/2019 15:43:01
32e84697-9e22-4e93-a342-c824f036cb13,fa16c841-b2e8-454f-baab-9d193b4cabae,60146cd0-77fb-4657-8597-1e963a21f407,17/09/2019 15:45:25
c4629f48-e416-48fc-a1a4-008dcf8abe6f,62e1e634-bc0a-4694-a057-b52778bf3a5a,38bcbce4-e290-489c-b747-5bbb8383a8c7,17/09/2019 16:00:26
bbab46ef-14b8-4d54-a9d4-a15b670c3031,98d031fd-7287-4890-bd65-01854b479a00,58947e0c-7e01-49c2-8a20-6ede35d906b1,17/09/2019 16:05:25
f8841d83-e1f6-4a0e-a611-436e5baa34c3,e0e87c4c-52ea-417f-958a-9e61f86ba5b2,def87402-dc83-469b-b5da-de8771f291d3,17/09/2019 16:07:55
c2018ac2-de1b-4159-9286-e7470286d31c,3365f022-78d3-4ecb-9128-e40ab28741d5,dcc6149b-d4af-4f15-ab2e-c4e54ba01a3c,17/09/2019 16:08:27
c16feae0-e874-4a40-834c-b4f12f849bf5,73bc5ac5-0be1-42e7-b324-8c04b3729ef4,5748889b-93e4-48bb-9505-8b7fd113159e,17/09/2019 16:09:53
a6426b67-88b1-418b-82ae-912fa7152d4c,6a5a63ea-8711-4e84-a2f5-d998b7247dca,22dce81a-00b0-4bdb-b1ca-6f314a832506,17/09/2019 16:11:03
0605bb95-008e-48fc-a8b9-f60515c302c3,c37f1a1d-7d4a-45db-87c6-e26939561c0b,1f67171a-61f1-489d-b4c2-3f10963a9e4b,17/09/2019 16:11:35
81e1c83a-8772-4a3a-848f-cb43402e2477,26d90b14-d81c-4072-8008-4a6d12b4be59,def87402-dc83-469b-b5da-de8771f291d3,17/09/2019 16:12:36
f9845921-fc2e-4647-b91d-efc7f38b06b9,f921609e-1787-40e9-94e5-b9bd17677899,38bcbce4-e290-489c-b747-5bbb8383a8c7,17/09/2019 16:12:47
4dc4731b-1a44-483d-b48d-b084b379ff73,8945216a-1e78-4e85-ab1f-29f8daee1661,2b98be9c-ddd8-44d8-a7ce-6e0f23b0d4f1,17/09/2019 16:13:10
28422aaf-369f-4939-8bdc-df366b0df6c2,97c632d4-f47e-4256-b341-63e453356268,dcc6149b-d4af-4f15-ab2e-c4e54ba01a3c,17/09/2019 16:17:02
523f8b0a-09b1-4768-afdb-a356ea95e554,1c126c7c-c8a4-4333-ad01-aa22340d5be5,037b39e3-3a38-4b9f-99ab-6b5d49b3ed4e,17/09/2019 16:17:03
72bc7103-a36f-4564-8437-21abcdccbb13,44685748-9645-4689-ac72-4a1f1048e4d3,2b98be9c-ddd8-44d8-a7ce-6e0f23b0d4f1,17/09/2019 16:25:30
7f1b8ec9-6314-490c-af82-8458fb26ced1,09b7fa10-73ca-4ae1-84a7-94473129eece,60146cd0-77fb-4657-8597-1e963a21f407,17/09/2019 16:27:12
0babe0cb-53a4-4c05-aaef-444e78d3a851,0989ea99-152c-4ffa-8d38-7a952ebd9c64,037b39e3-3a38-4b9f-99ab-6b5d49b3ed4e,17/09/2019 16:31:13
fbc99a6e-7a5a-4c32-bb8d-2d9d7e28394d,c37b31bb-56a1-495c-a6d7-615fe82632d5,9e5d2ada-aa4e-4771-a15c-716aa067a623,17/09/2019 16:31:51
deff3983-28e7-41af-bc75-25a2a7453dff,a9144176-2dd8-4233-9034-18d8a07a4345,ae1938fa-8a6a-47a7-9a7c-d1fca32fecea,17/09/2019 16:32:47
d1a52549-3db6-4203-8f1c-95ef0a4b10d9,2fe037c0-bbd6-4cc7-a3ea-0ae80e70d1d7,80e2abe6-0b4e-4473-bb9e-2ef571e421a6,17/09/2019 16:32:53
72bff050-4efd-4c02-beb7-f56b8d9229f8,965e9c6e-9e82-40b5-8345-c06bf6ae52a5,db3ed863-62f3-46c7-ac4a-3a10aa613a14,17/09/2019 16:34:42
2a20399a-444f-472f-abe2-53e450e753e1,524f0abc-55bf-4b46-8574-e4efb878d439,1b72d990-f55a-4c5d-a3b9-b19f242370fb,17/09/2019 16:34:42
6d738e14-f9a8-4e9d-9cbe-f5219d4c3ea7,9f3bed98-678a-4f4a-9ba3-d5d31c5f825b,42a35e16-6322-4bd3-a330-b7a057c55a1f,17/09/2019 16:34:55
f6e9ff5c-4ce8-475b-9bd9-2c1dfcbc69ac,c72767e5-1fdb-4bf6-845b-55f374690fb0,037b39e3-3a38-4b9f-99ab-6b5d49b3ed4e,17/09/2019 16:38:26
f1fa0a84-27bd-4b0f-935d-635f6d8181dc,e35e0563-df23-4a52-b296-82a95fffcfe4,ead3aad7-5cdb-49c7-af79-68a42f14b4b6,17/09/2019 16:40:58
a309311d-8de6-4b0a-86b4-eb37cd4a2628,09388a13-d4e5-4f61-a8de-545454d8f1f2,1f67171a-61f1-489d-b4c2-3f10963a9e4b,17/09/2019 16:46:56
c00a3c76-eb0f-4dd1-892e-f2850356d4ce,df56f859-2aa3-4fc4-89ff-a952a66f535d,60146cd0-77fb-4657-8597-1e963a21f407,17/09/2019 16:47:58
bc84dc29-8381-4f9f-b041-d4c1e3e2fe34,10a8af65-ae5d-4b2f-9de2-01d889f65229,58947e0c-7e01-49c2-8a20-6ede35d906b1,17/09/2019 16:50:25
88a11813-f010-42f0-8c3f-2649f0d65429,fd898b11-25bb-4cac-b93d-ed577d750d79,f750b4a6-596a-4230-a9f3-a546d3fdc6d1,17/09/2019 16:50:47
a433233e-151d-43d4-ab56-07d0915da7bf,d61bfad9-e004-4a7a-a41b-868deeeac4f2,22dce81a-00b0-4bdb-b1ca-6f314a832506,17/09/2019 16:53:10
91866cbf-cd73-43d0-aac7-4a9acbf55e54,7f15439d-6c6e-4f19-8e35-4ee2ea39c1f1,38bcbce4-e290-489c-b747-5bbb8383a8c7,17/09/2019 16:55:41
c511e906-78f9-42af-bfc2-139e39f7664f,750c746e-987d-4f71-a9e6-76d60c61f0c3,ae1938fa-8a6a-47a7-9a7c-d1fca32fecea,17/09/2019 17:00:40
02094a69-09b8-487e-aa79-8a4c76afe797,85433ec3-e57c-4556-a33c-e81a187fded3,22dce81a-00b0-4bdb-b1ca-6f314a832506,17/09/2019 17:05:16
e226a761-f31c-4276-b915-cc185e5d8dde,9005147c-d15a-4dec-8c27-5a13ea56c60d,7e83d47a-c9f2-4b15-858b-b268188523d0,17/09/2019 17:06:42
0141d434-84e3-4c5a-bec8-31cc142fcb5f,adde10e5-d296-469e-be7d-700169857d66,db3ed863-62f3-46c7-ac4a-3a10aa613a14,17/09/2019 17:13:43
6f610a64-28d6-45c4-89c0-a53428b0d51c,8c2f2221-9a98-45e1-bc32-ebdb5fdc1f47,dcc6149b-d4af-4f15-ab2e-c4e54ba01a3c,17/09/2019 17:15:16
f15aeaec-9527-4f06-a52b-868ce644fcd0,4b49978b-0f5a-45f2-8a23-1842dfb2e591,7e83d47a-c9f2-4b15-858b-b268188523d0,17/09/2019 17:18:16
9a30c030-b616-4130-aa7f-2bf0747097dc,61f691bf-597a-4b6f-b1ac-da8fdfe2abc5,db3ed863-62f3-46c7-ac4a-3a10aa613a14,17/09/2019 17:23:24
24fe7897-b036-491b-a6fb-faed7d0424f6,a6634f34-75fa-4e4e-b968-236cfe71deb0,80e2abe6-0b4e-4473-bb9e-2ef571e421a6,17/09/2019 17:37:14
a8d5933b-5b73-46c4-af8f-3fdb80983b47,747b8379-2353-4378-bbdb-0d08a463bc8b,ead3aad7-5cdb-49c7-af79-68a42f14b4b6,17/09/2019 17:38:42
cac1dc91-b852-448d-993d-6b8a48e89cad,563b93e9-4831-42fc-ae94-29608f668295,f750b4a6-596a-4230-a9f3-a546d3fdc6d1,17/09/2019 17:43:06
fa13bc5d-8548-47d2-886c-d4d8e0ef1ff1,3d3dfc67-290c-4885-a691-14fec20fad57,ae1938fa-8a6a-47a7-9a7c-d1fca32fecea,17/09/2019 17:50:54
33eed076-83b4-48e7-a429-feaf027c7b52,2e78b87e-340b-4d75-81ab-cc5f2769d852,ead3aad7-5cdb-49c7-af79-68a42f14b4b6,17/09/2019 17:55:19
c768b217-ff19-443d-92ef-29dd85871119,03a1174e-1571-4fd2-bff1-848ed0750867,5748889b-93e4-48bb-9505-8b7fd113159e,17/09/2019 17:58:24
606cbb39-fa06-4a34-821e-1f3e37f61d0b,4d18a5a7-416e-45d9-b246-52d6bf58c40e,9e5d2ada-aa4e-4771-a15c-716aa067a623,17/09/2019 17:58:32
d1af999a-b0c9-4a3f-b837-282414692ea9,d0d71d87-da24-4f33-9871-dd22505fa93a,ead3aad7-5cdb-49c7-af79-68a42f14b4b6,17/09/2019 18:04:07
7bbdab5a-661c-4edf-a368-7b1bb791e482,0de52500-fd4e-423a-8cbc-08fa63d9b09b,037b39e3-3a38-4b9f-99ab-6b5d49b3ed4e,17/09/2019 18:16:07
7b31cd74-11a4-417c-8f09-c5410e13c443,4818d9a5-f102-4507-8b40-298aee3c7e09,dcc6149b-d4af-4f15-ab2e-c4e54ba01a3c,17/09/2019 18:19:54
1747c675-cbd7-40f0-a0dc-7eb5dea27804,4181d4a8-a7c1-4b30-b849-3136ea0a7067,db3ed863-62f3-46c7-ac4a-3a10aa613a14,17/09/2019 18:22:51
4b5a32d3-30a3-45ca-94c6-7bedaed2440b,924a63a0-9288-453d-85c4-48863a7c3f51,7e83d47a-c9f2-4b15-858b-b268188523d0,17/09/2019 18:27:53
6e05e37b-74e1-4e85-847c-333acb149738,3da8aeba-f374-464f-905a-c0d7e570b2b3,ae1938fa-8a6a-47a7-9a7c-d1fca32fecea,17/09/2019 18:29:57
cd72df82-8854-4f19-8cf7-15a85b26e478,197a2b16-b948-4c2c-b0d9-0feb31a0280c,7e83d47a-c9f2-4b15-858b-b268188523d0,17/09/2019 18:37:38
ee0d6eae-198b-4d81-a89a-5b4c88eaef48,127dbe9f-7953-420b-8a8e-ee45ec57f562,8b24a91d-6406-4753-a1c5-91e356853126,17/09/2019 18:38:05
542201a1-e591-43b8-a8cd-472779143b6a,ce96278f-71bd-414b-8270-c134eaeb6322,9e5d2ada-aa4e-4771-a15c-716aa067a623,17/09/2019 18:38:54
a1bf77be-4280-4095-8235-e26a2d47603b,4287ca4d-77c4-4979-9358-fdfe53c782bb,80e2abe6-0b4e-4473-bb9e-2ef571e421a6,17/09/2019 18:40:42
a82e7b5d-1a17-4411-835c-589a04249fe3,4ffdae90-63a2-416b-8f1e-5475e90b023e,22dce81a-00b0-4bdb-b1ca-6f314a832506,17/09/2019 18:45:01
9d06154b-357b-4b6b-93c5-d35585e74bf9,7fe33144-a85a-4444-b2c0-1824616d93ef,58947e0c-7e01-49c2-8a20-6ede35d906b1,17/09/2019 18:45:46
af22730e-f6b6-4d8e-83b3-cba6516e3c5c,016856e4-fcab-4f21-89f9-d61de4e38801,5748889b-93e4-48bb-9505-8b7fd113159e,17/09/2019 18:49:28
7933aedf-da32-42c1-8260-8148e3ba8ecd,c56ebd36-18f5-452f-a52a-855c0fb09e7a,1b72d990-f55a-4c5d-a3b9-b19f242370fb,17/09/2019 18:49:56
c45eb11c-6089-4c97-87c0-19897133c1ef,e7346cea-da1e-4fb8-80ae-15088843e7bb,5748889b-93e4-48bb-9505-8b7fd113159e,17/09/2019 18:52:16
c7cc9af2-08d0-410c-a14d-584b6765a6b0,7ff5dfb2-5957-48c9-bb48-2827fce3d9ae,22dce81a-00b0-4bdb-b1ca-6f314a832506,17/09/2019 18:59:46
75760dfb-f6c5-42d8-8fac-c159aa0f7719,d1852aed-c5b9-419d-bdad-cb2c6b8ebb6e,8b24a91d-6406-4753-a1c5-91e356853126,17/09/2019 19:02:24
8f402677-3783-4155-8edd-3fb9012e1aee,a84326ff-5e7c-4b67-b7e4-d21a985fceea,60146cd0-77fb-4657-8597-1e963a21f407,17/09/2019 19:09:00
026ba952-e1cc-461f-9bcf-25db57a22c21,e046aaab-ee91-4d0d-861a-1f8cb3bae24a,f750b4a6-596a-4230-a9f3-a546d3fdc6d1,17/09/2019 19:15:00
8bdafbe5-1cb3-4fc0-9d2f-e1a28d33316b,cfc78f33-8e55-48ba-9cbe-08c9cc4a950b,dcc6149b-d4af-4f15-ab2e-c4e54ba01a3c,17/09/2019 19:17:06
1e2fd43f-77a7-4637-94dd-9ae8d8de1b54,b18ecd93-d700-4494-849c-36c187fc6b5a,def87402-dc83-469b-b5da-de8771f291d3,17/09/2019 19:20:27
7e24e3bb-56f7-4a2c-8dc6-110083c7615c,8f9f2197-8a91-4ebd-9da1-b7b5d3facf2a,58947e0c-7e01-49c2-8a20-6ede35d906b1,17/09/2019 19:22:09
ac92aaa7-8d71-4ada-b95c-3c978e6f01f0,8e2ff7ae-24d8-4c84-83aa-185ba775adb9,5748889b-93e4-48bb-9505-8b7fd113159e,17/09/2019 19:24:39
3b8fa9df-31c7-4f89-b788-fda74931f05c,f55f088c-530e-4635-944c-88b01c3d861c,38bcbce4-e290-489c-b747-5bbb8383a8c7,17/09/2019 19:29:37
0392d454-655a-4e11-9311-5e3991dcccda,c9a85169-c4db-406e-9198-28e80b7176c4,037b39e3-3a38-4b9f-99ab-6b5d49b3ed4e,17/09/2019 19:31:34
7af34969-349d-4a73-9415-d42a12fa818b,00384b22-f4ec-4770-b4ec-09e09aad7be9,dcc6149b-d4af-4f15-ab2e-c4e54ba01a3c,17/09/2019 19:34:27
e1a44a92-d693-48c7-b7a2-b437666a283e,d3806f20-0586-4ea8-93fc-71f1f379a81f,def87402-dc83-469b-b5da-de8771f291d3,17/09/2019 19:34:27
b66f0fa5-9ed8-4ebf-b05e-f41b012397f1,1c41c2ba-1cbc-4c80-915d-0588d6926c48,80e2abe6-0b4e-4473-bb9e-2ef571e421a6,17/09/2019 19:35:21
91196417-3f9b-40df-ae54-d723e86b3ef6,e7d9675e-db12-44f6-a66b-ebdda1a206d3,22dce81a-00b0-4bdb-b1ca-6f314a832506,17/09/2019 19:38:24
d4de35fc-7191-437f-b6e9-28815b3d9a84,0565d9b6-52f6-4535-8089-92b06b600369,38bcbce4-e290-489c-b747-5bbb8383a8c7,17/09/2019 19:38:48
359f4e03-4332-43ca-a866-62d8ae06b7f4,4dff6c13-9330-4254-8c0c-c4c186b91b97,def87402-dc83-469b-b5da-de8771f291d3,17/09/2019 19:39:48
fb93307f-e674-4fc9-8cd1-d3baf1639938,7317ca3f-bca3-4382-bdee-e4ae2d82065a,1f67171a-61f1-489d-b4c2-3f10963a9e4b,17/09/2019 19:41:25
c336fa91-c329-429b-a1bc-14c0d365f032,541259d0-decf-4b9d-abc4-50db7d07ab9b,2b98be9c-ddd8-44d8-a7ce-6e0f23b0d4f1,17/09/2019 19:44:15
7a54fa7d-ec89-4660-b042-e12ff4b2d644,8efcb5f3-2c74-49eb-848e-5c950f6afaae,ae1938fa-8a6a-47a7-9a7c-d1fca32fecea,17/09/2019 19:44:18
007713db-2d42-4e23-858a-b0f3374c5a73,93a1f651-0f9a-46f6-bf0a-da29b1951220,42a35e16-6322-4bd3-a330-b7a057c55a1f,17/09/2019 19:44:46
46c7f8fb-a9f2-4eca-94c4-aa9c100d4a0c,8530e237-c697-4b35-b3e5-fca1b2dce0a0,22dce81a-00b0-4bdb-b1ca-6f314a832506,17/09/2019 20:03:57
9f47871c-e640-48e2-b643-a9460873cd85,10d558d8-c526-4fdb-88ca-418369848073,dcc6149b-d4af-4f15-ab2e-c4e54ba01a3c,17/09/2019 20:04:42
812c49df-3b93-4ae4-a600-53dd9a8d1df5,ca0afb5b-b6bc-4f32-bff9-428d10be4d96,80e2abe6-0b4e-4473-bb9e-2ef571e421a6,17/09/2019 20:08:10
2ac247bd-0475-4695-ab45-1875bd8948c0,a009015f-f013-4b74-a087-3615746a929e,38bcbce4-e290-489c-b747-5bbb8383a8c7,17/09/2019 20:08:34
ba26d167-0c41-47c3-a54b-c2cb6af89769,0e632512-3f2e-4020-b34b-4c89a9dd3ec4,037b39e3-3a38-4b9f-99ab-6b5d49b3ed4e,17/09/2019 20:09:49
19a3fa2f-e738-445b-ac49-01e40e457d6a,79a9a5f8-ed7e-4478-91f2-82a8d45386d6,def87402-dc83-469b-b5da-de8771f291d3,17/09/2019 20:11:53
5816f7b8-85ef-4334-8bc8-6bdecf392d67,8f9615d0-4b72-41a3-b9b0-d2c9130bcae1,1b72d990-f55a-4c5d-a3b9-b19f242370fb,17/09/2019 20:16:45
d7923782-0f73-40a2-89bf-1d7bd70611b8,2b986813-b54d-4616-a100-1a039e010c1a,ae1938fa-8a6a-47a7-9a7c-d1fca32fecea,17/09/2019 20:20:11
f0893185-bf45-4abf-8c5e-acd2cb097fc1,5f1aeb6d-8444-4a3a-b89f-a6a720a24828,037b39e3-3a38-4b9f-99ab-6b5d49b3ed4e,17/09/2019 20:24:39
5b1e9d07-e600-4351-bdde-211d4f9cc358,0d4d6454-c37b-4e4a-9685-7a96f0ca451e,80e2abe6-0b4e-4473-bb9e-2ef571e421a6,17/09/2019 20:28:55
4f7b800e-1c76-4e2d-97fb-e706ec8e3dc1,589186d9-5124-4fce-ac10-a6c8f6c6779e,42a35e16-6322-4bd3-a330-b7a057c55a1f,17/09/2019 20:30:50
a562d776-b95d-4d6d-9d48-a4e1ee654922,ca4716ff-facd-413e-b121-168b64d614ea,7e83d47a-c9f2-4b15-858b-b268188523d0,17/09/2019 20:31:31
2951284b-ddfe-4f99-986f-8390868814a8,18cba179-5f66-4cd9-ad0c-36e57945394e,ae1938fa-8a6a-47a7-9a7c-d1fca32fecea,17/09/2019 20:32:01
d5f4e981-e9bb-4f27-b74b-5e2b2447ef42,48c41b0b-00f3-4315-9303-bfcebb798170,2b98be9c-ddd8-44d8-a7ce-6e0f23b0d4f1,17/09/2019 20:33:06
1af2f2d8-a176-4677-a1c5-2a1fa41158e6,408e19a1-6909-4712-a188-fc87c92359ec,60146cd0-77fb-4657-8597-1e963a21f407,17/09/2019 20:36:06
49958379-4d15-40ae-8941-2967861a6574,ac199a69-6592-459b-b9b8-582ce8c3ab85,dcc6149b-d4af-4f15-ab2e-c4e54ba01a3c,17/09/2019 20:38:52
80907850-f2b0-4a68-a209-f00add54dfa7,8c25f0f2-3f11-42aa-985b-5d218826e154,1f67171a-61f1-489d-b4c2-3f10963a9e4b,17/09/2019 20:42:57
825abe5c-3ac2-4564-9a69-6f123feb2a1f,58b91c5b-94fe-4182-9a5e-ef2f4ea0a516,f750b4a6-596a-4230-a9f3-a546d3fdc6d1,17/09/2019 20:44:14
90d40e6a-2694-4b2b-b7f6-25e808bf2392,a9c2d16b-04f5-42f5-a086-dca4c92c2aee,9e5d2ada-aa4e-4771-a15c-716aa067a623,17/09/2019 20:45:01
340d1a81-044a-48c0-aac9-2571ab4ba06e,1188b489-0d2d-426b-b7a4-20a474cebe8e,42a35e16-6322-4bd3-a330-b7a057c55a1f,17/09/2019 20:47:09
df6ec9a6-2126-4b60-a0d9-264908647e5f,4e176eb0-8fa3-44f7-a8fa-58de423b5982,2b98be9c-ddd8-44d8-a7ce-6e0f23b0d4f1,17/09/2019 20:48:13
be37ffcb-4a85-4e38-b005-20dada0f702e,99a9a755-0527-4f95-bb3e-0e79c5bba421,5748889b-93e4-48bb-9505-8b7fd113159e,17/09/2019 20:49:59
b3583d00-f51c-4e3f-927d-06d509d2a8ee,6ec59058-c605-4862-bd98-e014a4277837,1b72d990-f55a-4c5d-a3b9-b19f242370fb,17/09/2019 20:53:26
a262b844-cbdc-4b5e-b68f-9c2f125d9cc2,41376800-dca9-4b50-99f0-bc8f2d8b4aa6,58947e0c-7e01-49c2-8a20-6ede35d906b1,17/09/2019 20:57:02
e77c50eb-0c15-48b7-8127-55f55a278e8c,e5bda5e7-5c3b-437f-9ad5-fcd1a6d6b05f,22dce81a-00b0-4bdb-b1ca-6f314a832506,17/09/2019 20:57:11
f86f0d94-d5e6-43cd-a606-9d07206fb54a,c925764a-ae50-474e-9d60-996dc2896041,58947e0c-7e01-49c2-8a20-6ede35d906b1,17/09/2019 20:57:58
7a128fbc-1627-4780-83f8-ab9546258f41,b79e1f5e-3ab8-494a-b903-7b2c92478df8,037b39e3-3a38-4b9f-99ab-6b5d49b3ed4e,17/09/2019 20:58:13
007e8b7d-f952-4cc7-bdcb-91b71fcc4fa4,80bef82a-69f7-421c-a93f-e8aaf7463454,db3ed863-62f3-46c7-ac4a-3a10aa613a14,17/09/2019 20:58:33
4b930eef-5801-43bc-94c7-d4bb47942c06,f86e4ffb-783e-4f45-80ba-eda7535cf4c2,2b98be9c-ddd8-44d8-a7ce-6e0f23b0d4f1,17/09/2019 21:00:10
84c7a46e-f751-42df-885d-648e6b171b1b,e24cbcc1-9df7-4572-89f7-d33fe6d774f2,60146cd0-77fb-4657-8597-1e963a21f407,17/09/2019 21:01:45
d2b5c41e-a221-4fec-82f5-4ec74676cbce,ec8af21c-ecdc-41b5-89b8-be87ae191f63,def87402-dc83-469b-b5da-de8771f291d3,17/09/2019 21:07:58
6e18644e-d881-4197-b47b-b191262104f5,b235b6c6-b0e3-4973-b546-19d32c0e6469,1b72d990-f55a-4c5d-a3b9-b19f242370fb,17/09/2019 21:07:59
57505835-091e-4c99-bd0f-40c8a5d071d7,d597dff0-51b6-4476-a671-8ab1a51efa70,ead3aad7-5cdb-49c7-af79-68a42f14b4b6,17/09/2019 21:23:32
b42bb6d0-27c1-4341-a5cb-b1f534ed20d2,72c3a70f-270d-47c4-aa6a-0da4035204cd,7e83d47a-c9f2-4b15-858b-b268188523d0,17/09/2019 21:27:53
29aafe42-6e17-4a96-b89f-1c2de9bc9bfc,60fddffe-cd77-4912-8f87-3235df87678c,db3ed863-62f3-46c7-ac4a-3a10aa613a14,17/09/2019 21:29:35
615e22aa-a81e-4275-b63a-19f539f9282f,49b84311-b582-4426-bfdc-349f9c7ca4ba,9e5d2ada-aa4e-4771-a15c-716aa067a623,17/09/2019 21:31:03
fb942251-ee76-422b-9444-1d548defd0e2,74d95c53-797d-4475-80a2-568cff4be412,60146cd0-77fb-4657-8597-1e963a21f407,17/09/2019 21:52:15
f0a1325c-35eb-4400-9aa2-7716f569bdab,6368a42e-8dc1-4c23-8c72-e07f1826b663,1f67171a-61f1-489d-b4c2-3f10963a9e4b,17/09/2019 22:00:59
24821886-39e4-4004-a44f-afc51af80db9,202ac2ca-ba24-4492-b8b1-56f3f707de91,def87402-dc83-469b-b5da-de8771f291d3,17/09/2019 22:04:10
d75d2c00-674d-4a16-b9f9-29743d87105e,fad071d2-0053-4b83-9ef7-aebf09972eff,9e5d2ada-aa4e-4771-a15c-716aa067a623,17/09/2019 22:05:06
70a65647-f060-47c7-a866-76e3d663b2a5,37e0768b-9531-4fc5-ad66-4a5156597c01,def87402-dc83-469b-b5da-de8771f291d3,17/09/2019 22:06:18
715fd24a-04e6-4f86-9132-0cf3f48a1083,d25d1c1a-d994-4cf7-bc09-6b8940ccf34b,ead3aad7-5cdb-49c7-af79-68a42f14b4b6,17/09/2019 22:07:45
b6080ba0-876d-4722-8458-0cf981f8b970,24b51ceb-7006-4dc3-9349-a76c7719ea72,ead3aad7-5cdb-49c7-af79-68a42f14b4b6,17/09/2019 22:09:15
812d6ca7-ecfe-4b8a-8741-7c86074dd40f,80e1ff43-3713-46c5-b6e3-c9bd703d6916,58947e0c-7e01-49c2-8a20-6ede35d906b1,17/09/2019 22:09:43
48512355-a057-4ed8-87a1-f126a53c3d22,7ccc6468-d700-4df8-a9d7-de906d45e879,58947e0c-7e01-49c2-8a20-6ede35d906b1,17/09/2019 22:09:53
b9bcc506-82cb-46a0-a530-c8e6a9ae137f,c239ec46-5387-4848-9b0e-a84660f6fe9f,2b98be9c-ddd8-44d8-a7ce-6e0f23b0d4f1,17/09/2019 22:14:01
ad16b1e7-6f38-4ef2-a9cc-5c6943711ede,ada652c9-98ee-44a0-b9d8-d94d8ba64ee3,22dce81a-00b0-4bdb-b1ca-6f314a832506,17/09/2019 22:18:01
0b532d0f-780d-48b1-94ed-fffe63de774b,fb780368-b482-488b-8449-0d478d42349d,58947e0c-7e01-49c2-8a20-6ede35d906b1,17/09/2019 22:21:34
117a4e26-3b7f-425f-8782-cd0fcdc934fb,e3b1b358-8162-45db-a769-11bdc35d7898,22dce81a-00b0-4bdb-b1ca-6f314a832506,17/09/2019 22:22:39
835e238b-dfbd-4d1c-af2e-db510d6f755e,b05d1445-9bbc-4137-a131-f241819f0e84,db3ed863-62f3-46c7-ac4a-3a10aa613a14,17/09/2019 22:23:26
e1203a9b-66cc-4c38-9cbb-45e52ba598a3,27bf8def-e5b0-4449-ad52-7ed13be56159,9e5d2ada-aa4e-4771-a15c-716aa067a623,17/09/2019 22:26:07
5d42f0c2-bf5b-4f05-bfd5-1064bb046732,3ac943e7-8276-47d0-829b-92e287baab32,ae1938fa-8a6a-47a7-9a7c-d1fca32fecea,17/09/2019 22:33:35
0349c536-f98b-426b-ab16-e5d8549ffd7d,21a98d86-bfb6-4773-ae76-058e74bb75c5,def87402-dc83-469b-b5da-de8771f291d3,17/09/2019 22:33:41
6231dfa8-47d4-41d5-aea5-6c51bfac42a6,36327c95-3a7a-4afa-821e-650e0eb936c1,dcc6149b-d4af-4f15-ab2e-c4e54ba01a3c,17/09/2019 22:34:44
4674e799-2c70-4242-abe4-9181d1f398ff,2c06e44c-3902-4a75-8edf-e1a6f76870a9,ae1938fa-8a6a-47a7-9a7c-d1fca32fecea,17/09/2019 22:35:02
f8ade541-6af5-4027-80d1-387525615b62,ccba4a35-9f5b-43df-b764-ec529a6e785c,5748889b-93e4-48bb-9505-8b7fd113159e,17/09/2019 22:35:58
bfc46276-7311-4c5a-a101-7f4830fe0415,a1ca0330-51eb-42c0-863f-05a221ac7bad,db3ed863-62f3-46c7-ac4a-3a10aa613a14,17/09/2019 22:39:03
73d100dd-3bae-4f1d-91c1-362def76ba52,55b12d3f-2a6a-4fef-809b-726d7e18cc6c,1f67171a-61f1-489d-b4c2-3f10963a9e4b,17/09/2019 22:39:33
a99542ac-0030-4789-b76b-89559dc38bd8,87c8c7a1-2fce-40db-96d2-f2ee73d49ef7,dcc6149b-d4af-4f15-ab2e-c4e54ba01a3c,17/09/2019 22:40:36
65686c74-d720-44ac-8d82-cab1de445de6,1d4be7c3-4df5-4446-9dc6-286517d9f1f2,037b39e3-3a38-4b9f-99ab-6b5d49b3ed4e,17/09/2019 22:49:10
3008f681-4da6-4af6-9088-ab45bed2a25c,314d4f05-e603-4b29-960b-ebc5bb7edbbd,60146cd0-77fb-4657-8597-1e963a21f407,17/09/2019 22:49:16
8c03e966-9f36-46cd-bda2-06fc009ba35a,a9e27dd2-8d81-418f-830d-b24c964a10d3,db3ed863-62f3-46c7-ac4a-3a10aa613a14,17/09/2019 22:52:11
7963909b-14c4-488c-8c85-cb8090d9af7f,ae500cf3-bfbc-4bb9-b36f-d8b4258f1099,1b72d990-f55a-4c5d-a3b9-b19f242370fb,17/09/2019 22:59:38
ec73cedd-3081-4d68-8112-2c2429c5dc9b,38643ecf-8686-4b71-839c-c51dc1336ed3,80e2abe6-0b4e-4473-bb9e-2ef571e421a6,17/09/2019 23:00:18
b9cc1653-d83b-4482-bd3f-56658022c326,d3665c91-1f9a-42ed-be74-cf4dab664c33,9e5d2ada-aa4e-4771-a15c-716aa067a623,17/09/2019 23:22:51
9265e6db-89fd-4678-97c9-e5191ed3479b,e556f8db-dd2a-4a06-86c9-06e3474f9b45,7e83d47a-c9f2-4b15-858b-b268188523d0,17/09/2019 23:23:03
4e31e436-c914-4fcc-86c1-04567af5373c,559a5ed8-d215-4548-9e4b-f36f82127f88,42a35e16-6322-4bd3-a330-b7a057c55a1f,17/09/2019 23:27:16
6165136c-7b08-442d-b3f4-8d760f3622b0,74f5bb25-c6be-4a6e-a1dc-d6f1c02019a2,38bcbce4-e290-489c-b747-5bbb8383a8c7,17/09/2019 23:28:28
bbf25060-6ce9-40ea-b2e9-95ea1c054030,a5167381-2403-4db8-be5c-71cfe1dc0ab4,38bcbce4-e290-489c-b747-5bbb8383a8c7,17/09/2019 23:30:03
18b61e99-47df-450f-a882-2cbfe8916d4e,a40cf2aa-1bf3-4666-9af0-390cc7bcece9,80e2abe6-0b4e-4473-bb9e-2ef571e421a6,17/09/2019 23:31:32
085d907a-e8bc-4c26-aa21-6f18a10c89d9,050ef6e4-2b3d-444b-a161-8d50bc277578,f750b4a6-596a-4230-a9f3-a546d3fdc6d1,17/09/2019 23:32:42
2b3c82cb-c0fd-447c-9e82-1f4427128dea,8f165c2f-adbd-43f7-98d3-0552625e6ea7,2b98be9c-ddd8-44d8-a7ce-6e0f23b0d4f1,17/09/2019 23:34:15
568d872f-2119-4306-b0ef-72757d59e491,320a6ad9-ae05-410c-a5d5-519d39eea34c,f750b4a6-596a-4230-a9f3-a546d3fdc6d1,17/09/2019 23:36:59
56c970fa-588b-4919-ba3f-d0c4baedffd3,324d84ed-f99b-4e25-bb53-99e6baf1a339,5748889b-93e4-48bb-9505-8b7fd113159e,17/09/2019 23:37:57
acb0af94-140c-4111-bff7-02fe51ffb81a,1fbeba9f-748d-4691-bc4e-28ac2c3391b5,ae1938fa-8a6a-47a7-9a7c-d1fca32fecea,17/09/2019 23:44:27
668d65da-97df-44f6-846a-dd5312ff441e,d9052448-e2fd-4148-abe6-fc7650cecfc0,80e2abe6-0b4e-4473-bb9e-2ef571e421a6,17/09/2019 23:53:55
cac93c44-b92e-4177-aa19-28627865e694,7ec25620-9509-4f5a-aa41-4eea517d631d,f750b4a6-596a-4230-a9f3-a546d3fdc6d1,17/09/2019 23:57:03
e6c7d6a4-e39e-44bc-9ae0-0d145b03d6da,f7ef9cd9-b53d-443a-baed-0d512afe931a,1f67171a-61f1-489d-b4c2-3f10963a9e4b,18/09/2019 00:02:39
511334bd-5001-45d2-ada5-cfdeef506128,2967b033-e357-4376-b3c9-8250cdbc3aff,60146cd0-77fb-4657-8597-1e963a21f407,18/09/2019 00:02:46
ea5b3472-30b3-44b6-b6da-5454e7a7a9ec,829f7e84-df44-47c5-9060-595b8640afef,8b24a91d-6406-4753-a1c5-91e356853126,18/09/2019 00:07:37
2f8473b2-9710-4af5-a91f-0cc401accb9e,cd465df1-5228-4f67-902c-ce37df06bed1,ead3aad7-5cdb-49c7-af79-68a42f14b4b6,18/09/2019 00:07:39
26aaa91f-4ccc-4016-b406-991357370da5,ed01972f-c0f8-4233-88dd-de8d8f4023d4,dcc6149b-d4af-4f15-ab2e-c4e54ba01a3c,18/09/2019 00:08:26
b7a23421-6610-40cf-b790-2e37ef8edd5f,669fb4dd-bb6a-4904-957b-c01bcb0f1c0b,ead3aad7-5cdb-49c7-af79-68a42f14b4b6,18/09/2019 00:08:50
eec79fd2-59c9-4257-a38d-00a86965b370,d9c1f7ef-3979-465e-8943-7e021b56bed0,7e83d47a-c9f2-4b15-858b-b268188523d0,18/09/2019 00:08:52
d44d8fbb-15aa-4cac-98c7-fa2e59f4eb9f,f02c6f68-a6c3-45fb-b40f-00de8e599d6e,1b72d990-f55a-4c5d-a3b9-b19f242370fb,18/09/2019 00:08:55
4ec61ef9-f648-4557-9501-8b28eb0a9461,0a5299ec-a9aa-4a77-a059-c4caa7f38eac,80e2abe6-0b4e-4473-bb9e-2ef571e421a6,18/09/2019 00:12:23
7ddb021f-301f-42a2-b690-0d902750a20c,da1469b7-4afb-471a-9838-ce7ac8b252f7,8b24a91d-6406-4753-a1c5-91e356853126,18/09/2019 00:14:05
e8aaacfc-2fc6-46f2-bd89-8635cf06384d,d86e4edd-4fb6-447d-93e5-1397f1540f3d,def87402-dc83-469b-b5da-de8771f291d3,18/09/2019 00:15:13
f535b4cf-ca7b-4fbc-bcca-5b7bedfca994,0fcc6419-9041-494c-be5f-25056759483b,037b39e3-3a38-4b9f-99ab-6b5d49b3ed4e,18/09/2019 00:15:55
be65ab94-e13b-4074-b133-d87c57a88934,ebf298d7-2439-43c8-9805-66fea81e25c3,22dce81a-00b0-4bdb-b1ca-6f314a832506,18/09/2019 00:16:03
993dc497-ed17-4a34-a501-5a2a9960a04a,44dd86dd-7bb8-4065-820d-bfe074a6c718,58947e0c-7e01-49c2-8a20-6ede35d906b1,18/09/2019 00:19:26
e3cf7303-f618-4742-87d9-fff2daafdcd0,cd2b829c-41c1-438e-ad08-cc27c26e57ab,dcc6149b-d4af-4f15-ab2e-c4e54ba01a3c,18/09/2019 00:22:22
c84ea538-b20d-4242-81ff-f1daf686da8b,30d694e1-1891-455f-a665-9febbee9aa9a,2b98be9c-ddd8-44d8-a7ce-6e0f23b0d4f1,18/09/2019 00:23:29
4ad4a62e-825a-4376-9428-fb4c3d15bc39,83f56069-e400-47d0-b8b5-17db02665314,db3ed863-62f3-46c7-ac4a-3a10aa613a14,18/09/2019 00:24:58
bd0b76fb-7dec-4bce-bad3-c32b8895db80,4a5072e8-99ce-4499-adb4-e8578100c399,42a35e16-6322-4bd3-a330-b7a057c55a1f,18/09/2019 00:26:48
89777adf-1dd8-47a8-9803-76f7517d6bb4,94cc68a3-0720-4c4c-b063-a61da12f720f,ae1938fa-8a6a-47a7-9a7c-d1fca32fecea,18/09/2019 00:27:28
0068cff7-64b0-4ed5-8dd7-2fa2c97d8007,a6a2a163-4851-4a58-a950-4ebbfdad7d1d,2b98be9c-ddd8-44d8-a7ce-6e0f23b0d4f1,18/09/2019 00:28:08
1ec49ab7-a568-49bc-8552-f7cf4f985676,5767c708-3b07-4718-b0f1-a8893942e93a,ead3aad7-5cdb-49c7-af79-68a42f14b4b6,18/09/2019 00:29:36
0b8660df-6e39-46ef-afc8-d754f902380e,49e02fec-0dc2-4602-a12f-d539c3c1bd04,1f67171a-61f1-489d-b4c2-3f10963a9e4b,18/09/2019 00:30:31
2288edf5-b869-4cae-b587-9a53a6f8722f,9d68329e-2753-4929-a319-6be3f41168ea,9e5d2ada-aa4e-4771-a15c-716aa067a623,18/09/2019 00:31:59
be3dc178-dfee-4780-9cbc-bef86ca0b937,6245146a-15cb-4c80-a93a-8b4d95ef04c3,def87402-dc83-469b-b5da-de8771f291d3,18/09/2019 00:36:45
cc9e81e7-d516-421a-a118-80fa5fa0083b,b7226c3c-139b-4465-9285-a47bf5c9683e,ae1938fa-8a6a-47a7-9a7c-d1fca32fecea,18/09/2019 00:37:36
29542b8d-e3c3-43f7-be86-886d45e1bcde,b2ce63eb-ed1e-40cc-b465-4b78405aecdd,f750b4a6-596a-4230-a9f3-a546d3fdc6d1,18/09/2019 00:44:02
680f2f79-fab7-4c89-9ca9-b07b2aa2b8ba,2f5791bf-7b3a-4aa2-8117-8cca5d040a5b,ae1938fa-8a6a-47a7-9a7c-d1fca32fecea,18/09/2019 00:53:09
3de02156-c33b-44e2-b41e-1cd8b83bff5b,7f03951a-b406-4255-bda9-c17fcefd582c,80e2abe6-0b4e-4473-bb9e-2ef571e421a6,18/09/2019 00:59:28
1cc87771-7c96-4280-a8cb-622e95d91e96,0be13f82-0734-4895-8616-dfcb9e900631,5748889b-93e4-48bb-9505-8b7fd113159e,18/09/2019 01:17:09
e0dc9297-793e-430f-8fa7-059083b160d2,3bb373fc-c179-4a34-aa86-20e25b6eec67,9e5d2ada-aa4e-4771-a15c-716aa067a623,18/09/2019 01:30:52
cfc04354-7505-4a7f-9d82-251cdc596554,5b447573-6f0d-4ff5-87f3-7f70e8aa9514,db3ed863-62f3-46c7-ac4a-3a10aa613a14,18/09/2019 01:35:49
98b128ad-960c-4916-a9b3-413f2c319a3a,392bc5ce-8d73-42b8-8b06-b72fec80fb78,5748889b-93e4-48bb-9505-8b7fd113159e,18/09/2019 01:43:42
31d863c9-548f-43d3-bb81-313e185c85b9,838e834d-18e6-4d9d-b5df-7c1861a4825f,42a35e16-6322-4bd3-a330-b7a057c55a1f,18/09/2019 01:43:49
62628535-d061-41e1-bf86-6f02d8b62058,060ddaae-68bf-49be-b48b-895b538108b2,38bcbce4-e290-489c-b747-5bbb8383a8c7,18/09/2019 01:50:30
d6e225d7-1a25-4aa8-a558-670af2a898be,c129525a-8bf6-4c29-b8d3-dfaab3d1edd4,38bcbce4-e290-489c-b747-5bbb8383a8c7,18/09/2019 01:53:14
2d85ea23-057f-4010-92f6-638612cdbc93,06579fdf-21bb-4b1f-b962-5dcb1faed9a7,db3ed863-62f3-46c7-ac4a-3a10aa613a14,18/09/2019 01:54:10
b0d69b48-27f3-437d-afd5-cb68f8bbe9f0,a53c35b3-4c02-4ede-82be-0562c0cb0c12,9e5d2ada-aa4e-4771-a15c-716aa067a623,18/09/2019 01:55:25
8fe89669-5ebb-4e09-901b-af1af26a0f01,162a5c3d-c500-48eb-8cae-9484ccdd546d,1f67171a-61f1-489d-b4c2-3f10963a9e4b,18/09/2019 01:55:42
520701c3-5d42-4dad-93c8-6634407a62f6,195a222d-94b6-4172-b46c-cd62cf080be7,7e83d47a-c9f2-4b15-858b-b268188523d0,18/09/2019 02:01:16
caffc165-23d4-4184-9832-7ad2f92adb92,1268d366-a50e-493f-8c5b-a89f39aaa5fd,8b24a91d-6406-4753-a1c5-91e356853126,18/09/2019 02:02:28
7e7cc5b8-5747-4acd-9def-e4bfdf4cb92f,63a3884c-59c2-4574-9a4f-9793753335a8,f750b4a6-596a-4230-a9f3-a546d3fdc6d1,18/09/2019 02:04:00
95119d5b-5b42-4c08-af35-cb39d47877ca,72759862-a777-44ab-904f-a08bec062e11,9e5d2ada-aa4e-4771-a15c-716aa067a623,18/09/2019 02:10:46
40e2a7cf-466e-4825-a7a8-68ab0a1bb562,5f2a9a0a-1a8d-4226-992f-f9b096cafd7e,5748889b-93e4-48bb-9505-8b7fd113159e,18/09/2019 02:12:48
0491c74a-c3b9-441b-822f-8031af913706,ecef853d-ca10-4fb0-82bf-db887bdd35b7,1f67171a-61f1-489d-b4c2-3f10963a9e4b,18/09/2019 02:14:19
4e14b091-95e2-40ca-9b96-2c9951bacaa0,eb7f665b-23e9-4fba-9007-bd69ab5776c0,58947e0c-7e01-49c2-8a20-6ede35d906b1,18/09/2019 02:17:17
544eb3c5-7d52-420f-8061-3d75e3e093dd,465f5de0-2c47-4509-826d-bd379c43ff2c,db3ed863-62f3-46c7-ac4a-3a10aa613a14,18/09/2019 02:22:50
61b31545-4c80-4832-802f-8dc01adaeb40,f9a8cd2c-9996-4d3e-b3eb-d16bbfcd9d49,60146cd0-77fb-4657-8597-1e963a21f407,18/09/2019 02:28:40
1d2f3419-f76f-4284-abd6-f64d5ef20427,547ee787-a387-4dc4-95be-45ce08bfd9a2,dcc6149b-d4af-4f15-ab2e-c4e54ba01a3c,18/09/2019 02:30:07
58cbbffe-aa1f-4fb3-a476-483281f6b645,268b0226-3d92-47b4-9ce8-c394637154f0,db3ed863-62f3-46c7-ac4a-3a10aa613a14,18/09/2019 02:31:05
a5dc3627-672e-4e3d-be1f-ebcc6a2011b4,397a9ff1-5826-4dc6-9f33-b51d32770227,037b39e3-3a38-4b9f-99ab-6b5d49b3ed4e,18/09/2019 02:33:23
9a9c7a11-62ab-48fa-a8c9-557cd48d52d6,7a9c37c0-eeeb-4180-a570-2b8df91047dc,60146cd0-77fb-4657-8597-1e963a21f407,18/09/2019 02:50:58
1661ba60-a024-4dec-bf56-4d91b94813a4,e78491b2-c146-42e8-80d8-fd6c872a5687,22dce81a-00b0-4bdb-b1ca-6f314a832506,18/09/2019 02:52:23
0011ef73-050b-451b-96f4-f7d25054237f,d70d1cd5-1c57-47f2-ba41-d4145aecaa09,38bcbce4-e290-489c-b747-5bbb8383a8c7,18/09/2019 02:59:04
085888d6-d3d6-462c-bf89-4b7ad61d52c9,bb38ad4a-5373-4199-884a-4cb23a36f682,42a35e16-6322-4bd3-a330-b7a057c55a1f,18/09/2019 03:01:16
5d1d8acb-86b8-410e-ae7b-821a3f4d34db,8c0544a4-0d06-47cd-b319-722392b24a1d,22dce81a-00b0-4bdb-b1ca-6f314a832506,18/09/2019 03:02:21
5777454d-e6a7-4861-9330-a82d7b6c02d6,3d973b30-78d6-427b-bae9-9640050506cc,db3ed863-62f3-46c7-ac4a-3a10aa613a14,18/09/2019 03:04:42
fa663eb0-56e6-4ad5-b7f7-a8523f185df2,ed5bc56f-0e67-4d3d-91a2-77a0b415bcb9,037b39e3-3a38-4b9f-99ab-6b5d49b3ed4e,18/09/2019 03:05:36
ca92ae9f-caa7-44c8-8285-4f4e2f685534,cacf094b-f53e-4b75-beaa-a3df820ee017,60146cd0-77fb-4657-8597-1e963a21f407,18/09/2019 03:05:51
74bfdd85-4321-45e5-a9c7-df08ef1da58a,0dc43258-16e5-4d37-811f-9a224cf1538e,5748889b-93e4-48bb-9505-8b7fd113159e,18/09/2019 03:07:42
b3435ca4-3475-406f-a001-03bda642dc3d,101be395-6408-4872-b811-3c6069a2baf8,5748889b-93e4-48bb-9505-8b7fd113159e,18/09/2019 03:09:01
4895b5d0-bf6e-4b3c-a4df-7d7755f2ba54,8db1c83d-0b7f-48ba-8e0c-2517a440702b,9e5d2ada-aa4e-4771-a15c-716aa067a623,18/09/2019 03:09:16
456a1d2e-9a24-4d4d-858d-71568a9a1198,147ba48c-8a3f-4f1d-9922-8148fa6970c9,38bcbce4-e290-489c-b747-5bbb8383a8c7,18/09/2019 03:12:30
7eaab3bd-70bc-49a3-9743-0fed18f5110e,920d212e-c936-406c-8d6f-1417d8aed50c,1f67171a-61f1-489d-b4c2-3f10963a9e4b,18/09/2019 03:13:22
8f4ea332-26ac-4144-9704-113f06424eaa,a484f266-36fb-4fc1-9b63-7ed2399c1db3,8b24a91d-6406-4753-a1c5-91e356853126,18/09/2019 03:14:11
19e36428-67ac-44d9-a8d0-f6f52dd97b36,3da49125-74b6-4c48-b70e-886b159d7f0a,ae1938fa-8a6a-47a7-9a7c-d1fca32fecea,18/09/2019 03:16:55
f1b922b9-9979-4e3d-b9af-b1dfc40d01fb,1146d8b8-b386-4530-89f3-b5f469abc772,22dce81a-00b0-4bdb-b1ca-6f314a832506,18/09/2019 03:20:09
060d5cf3-f885-41b8-a374-b79bfb9c7881,38fb1f7f-6347-47d6-8ee2-667fd1dd34e7,7e83d47a-c9f2-4b15-858b-b268188523d0,18/09/2019 03:20:20
69cc93ae-abff-4a80-9457-501bdd6a7d1b,813e135a-b99b-4abf-9594-d7201ae4da8d,80e2abe6-0b4e-4473-bb9e-2ef571e421a6,18/09/2019 03:24:35
b258c3d4-c759-4408-a429-a3c752d76e45,188c7e0a-4ef6-4160-bf96-b24eabf47b3a,037b39e3-3a38-4b9f-99ab-6b5d49b3ed4e,18/09/2019 03:25:40
61d9c074-0003-4fe5-b12b-d04a328ca068,f8591560-c13e-411a-98d7-fbdba2f43087,2b98be9c-ddd8-44d8-a7ce-6e0f23b0d4f1,18/09/2019 03:26:27
5c739a96-f330-4df2-8e3f-1f5618c814dc,d87105be-7293-4df6-8cef-1aaaae5a51fd,42a35e16-6322-4bd3-a330-b7a057c55a1f,18/09/2019 03:31:30
e5c04df5-8590-4b21-8065-2ac78635d397,2c7170a8-6fb3-44a8-bcd1-cb8a67f3966b,42a35e16-6322-4bd3-a330-b7a057c55a1f,18/09/2019 03:37:29
807dc2dc-07f9-4cba-861a-d009c51252c7,7c0affea-2de4-4db9-9edf-3d3c5dfc3d18,dcc6149b-d4af-4f15-ab2e-c4e54ba01a3c,18/09/2019 03:51:01
1ed08fe7-9d7b-4514-8653-c409f47a806a,d83ac8d1-05b3-4489-9540-39f3ff0f967d,ae1938fa-8a6a-47a7-9a7c-d1fca32fecea,18/09/2019 03:51:34
03d47ab6-ac05-4759-a619-d10c20a05ebd,77e8db38-5584-40cd-a6a3-8624dd73cd60,9e5d2ada-aa4e-4771-a15c-716aa067a623,18/09/2019 03:53:12
2fa5efc9-9d8c-4214-93ec-24dca99abd13,d0c098f8-7491-4e05-ae89-709b5b0ecf43,8b24a91d-6406-4753-a1c5-91e356853126,18/09/2019 03:54:10
596afac5-d97b-4d12-8ad2-01a2196b74fc,47416999-667a-4fe3-ac85-70b3c66583d2,f750b4a6-596a-4230-a9f3-a546d3fdc6d1,18/09/2019 03:55:20
233afcea-342a-418a-be01-38197619614f,5cce3ab6-3b0d-45da-a345-1f95074c112a,def87402-dc83-469b-b5da-de8771f291d3,18/09/2019 03:58:23
e5502985-69ea-403f-94e5-418dc6402741,ef648643-a34f-4a6b-b2de-e438dbdf6d18,8b24a91d-6406-4753-a1c5-91e356853126,18/09/2019 03:59:00
b1714c18-fb4d-418b-92bc-b1e514d57fb9,a467b322-716b-4319-9024-da460aa1de7a,1b72d990-f55a-4c5d-a3b9-b19f242370fb,18/09/2019 04:01:44
28cb4cfb-0ac0-4676-863d-6b426a561e12,0765b610-ea71-4dd7-8b09-61dfb2f1df55,dcc6149b-d4af-4f15-ab2e-c4e54ba01a3c,18/09/2019 04:03:59
38c6fd39-0d3e-41c6-af86-3bde16aa9747,75fe393e-838e-4dda-b252-bd1624294d03,1f67171a-61f1-489d-b4c2-3f10963a9e4b,18/09/2019 04:08:28
d5742395-548f-4597-bf7b-497ce73815a3,d739cb71-0e13-4457-9ce8-6278291faf00,58947e0c-7e01-49c2-8a20-6ede35d906b1,18/09/2019 04:12:14
260c9d80-dc02-42c5-817e-cc633b63534d,3df37647-dac2-4b39-93ab-330f608f57fd,ae1938fa-8a6a-47a7-9a7c-d1fca32fecea,18/09/2019 04:18:05
9014890d-a9b5-4e21-8a02-eb1381ca30f5,f09b9e41-4ada-4398-b147-7fe07e84ed24,1f67171a-61f1-489d-b4c2-3f10963a9e4b,18/09/2019 04:22:54
ea39818c-a35e-4814-bf3e-bb3d97e8192a,914eaf94-efad-4458-b0ed-400415ea4987,f750b4a6-596a-4230-a9f3-a546d3fdc6d1,18/09/2019 04:27:35
25020fbe-7f1d-4b25-a3bd-27f74048f162,b968d6fc-c63f-4fb2-a8f3-3c78fc2f982f,1b72d990-f55a-4c5d-a3b9-b19f242370fb,18/09/2019 04:29:34
0fc5c902-9a33-43ff-bb43-a6284dee602b,19827927-11bb-454c-8e9d-f78b2051eb84,9e5d2ada-aa4e-4771-a15c-716aa067a623,18/09/2019 04:30:36
f43cc34d-43cb-4b9c-921e-f5ea566e9583,1cadf35a-f81f-48ea-9521-b9fa3bb52b81,80e2abe6-0b4e-4473-bb9e-2ef571e421a6,18/09/2019 04:33:08
f0f97f47-29be-4a8d-8899-31d7efb1d748,2741c1cf-38f7-4fc5-8345-1ca85519de7d,dcc6149b-d4af-4f15-ab2e-c4e54ba01a3c,18/09/2019 04:38:39
c3634a92-9fc1-40f0-bc0d-703f6cc21074,4c945c10-a9c2-4e67-9004-844bd254b88d,80e2abe6-0b4e-4473-bb9e-2ef571e421a6,18/09/2019 04:42:01
2497b7a6-a17b-425a-addf-77a4a7ed05cf,32470848-5cbf-4f6c-bc24-5f0ae5ae58ad,8b24a91d-6406-4753-a1c5-91e356853126,18/09/2019 04:48:08
1e70e38b-30a5-4855-a1de-c80e96fe5701,a4b961e8-83d3-4081-8c59-2153b251cf48,1f67171a-61f1-489d-b4c2-3f10963a9e4b,18/09/2019 04:51:31
92fbf33f-74de-453a-b9e5-10e860471b68,2963881d-4dba-4e2c-9f03-22041843cbab,def87402-dc83-469b-b5da-de8771f291d3,18/09/2019 04:56:28
a7714f1c-9351-47b9-8974-ef599b55069e,ba802454-73f8-4107-941e-5c66cd94969f,dcc6149b-d4af-4f15-ab2e-c4e54ba01a3c,18/09/2019 04:57:37
e2f2598f-1714-43ea-8b61-6d800bb48247,bb31a089-7fe2-4f94-a2e1-b4d358615a47,60146cd0-77fb-4657-8597-1e963a21f407,18/09/2019 05:02:12
6a24e4be-1e2c-4611-9b7f-9fe6d0f7c25c,909aaf4e-a0fd-4816-a60e-5b8f8eb9802c,5748889b-93e4-48bb-9505-8b7fd113159e,18/09/2019 05:08:24
a4369038-0910-4341-a19f-f97dc0737693,9bd75bcf-84a7-42e7-b4e2-30e61de8eff7,db3ed863-62f3-46c7-ac4a-3a10aa613a14,18/09/2019 05:12:50
b8cba741-5adf-4954-83e0-eb796a0596cb,5726133e-6539-4dd9-b4c7-db4f1dba687b,38bcbce4-e290-489c-b747-5bbb8383a8c7,18/09/2019 05:13:16
a204d895-414b-4f6f-8573-a09072c230c2,2bf2792d-1650-40f7-bca9-cad5846d9778,5748889b-93e4-48bb-9505-8b7fd113159e,18/09/2019 05:14:34
a0dccba2-6d70-4b28-9e8c-b44e0931891a,c2026c03-40ae-47ef-a559-bad6fa798c40,42a35e16-6322-4bd3-a330-b7a057c55a1f,18/09/2019 05:16:24
12f04c38-b79f-4529-97f4-3f6249330e1f,f1a39efa-20bb-41e7-99f5-6e75fa7f373a,2b98be9c-ddd8-44d8-a7ce-6e0f23b0d4f1,18/09/2019 05:20:28
48ac86e6-b4f5-4386-9f8c-d5024dab07cd,1ebc81fd-a1cd-462d-9866-93a75016b92b,2b98be9c-ddd8-44d8-a7ce-6e0f23b0d4f1,18/09/2019 05:22:33
2b8bab3f-9c5c-4df3-9499-870a7b43d78b,ffcbf394-16b6-4fbd-a7bc-a1b4ff507699,7e83d47a-c9f2-4b15-858b-b268188523d0,18/09/2019 05:23:56
bf9165d6-e426-405d-aa93-d73640db46a5,d4a22e06-5a5d-437f-aa0f-4f11bad30f0f,def87402-dc83-469b-b5da-de8771f291d3,18/09/2019 05:25:44
20ba0dcb-4f2e-4cab-94ad-bfa1fa5bf83a,79767194-220c-4b5d-91da-7b51c0338a9b,f750b4a6-596a-4230-a9f3-a546d3fdc6d1,18/09/2019 05:29:37
1f8fa369-80dd-4627-a8a8-014f12cf0521,aa998b8e-0974-4019-a978-6c95d32379b6,8b24a91d-6406-4753-a1c5-91e356853126,18/09/2019 05:32:43
3165b7f9-a0c9-44aa-a443-e66a31d53ff1,42f00d1b-2f87-40cc-818a-1b212c58252d,037b39e3-3a38-4b9f-99ab-6b5d49b3ed4e,18/09/2019 05:39:18
29030797-fd17-4c11-8956-51ad52799be7,a76e81ed-cb7c-4648-aaa7-e1f09366d4be,22dce81a-00b0-4bdb-b1ca-6f314a832506,18/09/2019 05:39:21
213cd973-6971-44a2-9ef7-6fa44c4dd2a3,b0c67022-b0c5-4c8e-bb9c-db9d6930b060,037b39e3-3a38-4b9f-99ab-6b5d49b3ed4e,18/09/2019 05:39:43
72d14976-f816-4c9b-a836-8a854253a543,3b8ec11a-1fa3-47ce-94ed-578407c56246,22dce81a-00b0-4bdb-b1ca-6f314a832506,18/09/2019 05:47:53
173c949c-42b5-496c-b089-221511407055,8c3648db-bc8b-4831-bba1-be94f749f9a0,9e5d2ada-aa4e-4771-a15c-716aa067a623,18/09/2019 05:48:55
8c800820-9edb-4a52-85e2-fc7dc1b21a3e,8b641d4d-28bb-4404-885d-03792be2a420,db3ed863-62f3-46c7-ac4a-3a10aa613a14,18/09/2019 05:51:05
e8707bd2-689c-4fc2-88b7-0dd2f86148ce,f9778a5e-d640-41dd-b18c-90b0590c13c1,ead3aad7-5cdb-49c7-af79-68a42f14b4b6,18/09/2019 05:53:50
cae0a4bc-9db1-410d-9fc1-f8b4a908cef8,6686bba6-7685-4aa2-b961-a9dc9c69eb7a,38bcbce4-e290-489c-b747-5bbb8383a8c7,18/09/2019 05:58:49
4dfa7c95-0af5-420f-87d2-d94fdbe3e5c4,ed691297-a94b-492a-a9ff-78d792c96451,def87402-dc83-469b-b5da-de8771f291d3,18/09/2019 06:00:01
4b37d71c-b5e0-42c0-a8b0-fe54b99c0506,4f9194ed-aa84-4b18-9f90-8b46bb308ea6,80e2abe6-0b4e-4473-bb9e-2ef571e421a6,18/09/2019 06:00:26
3f700579-d7cc-4484-be8e-4071875c1022,626e079a-19a0-4640-a241-03cab6c4816c,7e83d47a-c9f2-4b15-858b-b268188523d0,18/09/2019 06:04:42
35c8ce12-b33f-4279-80e9-154aa513ff4f,363213b9-731a-43bf-8a30-a14721998210,037b39e3-3a38-4b9f-99ab-6b5d49b3ed4e,18/09/2019 06:13:49
9a099361-5a02-471e-9f79-58da48f768e3,f7a791a6-9e81-4cc7-9652-98c2a262c7cc,1f67171a-61f1-489d-b4c2-3f10963a9e4b,18/09/2019 06:15:08
2e6cba7a-285b-4a7f-81c7-9ac10e0c142f,470a48f4-4d41-4e7d-83db-8262148b145a,ae1938fa-8a6a-47a7-9a7c-d1fca32fecea,18/09/2019 06:15:30
e3e2ce2f-83a9-4c6e-b647-00556704f561,b9a7983f-8bfe-44ed-aacd-d6d174bf04a1,80e2abe6-0b4e-4473-bb9e-2ef571e421a6,18/09/2019 06:15:55
d01a3f1f-16f6-4a98-b29c-0ca142d54c54,9495d068-91d4-421e-b125-8f95f2e4168f,7e83d47a-c9f2-4b15-858b-b268188523d0,18/09/2019 06:17:14
7a32c787-2bf9-4685-aa3e-c15d54714a2a,e7367604-4616-4e0f-83d9-e2f0b9cef823,ead3aad7-5cdb-49c7-af79-68a42f14b4b6,18/09/2019 06:20:05
d1425c29-70c2-41a9-96c3-b69cd6a10987,c33bacd8-5078-479a-8465-8524f8b3cf12,5748889b-93e4-48bb-9505-8b7fd113159e,18/09/2019 06:27:11
57511e66-8f06-4c94-b910-9046026a371b,7e3b6feb-4c67-4637-9fa0-d7b5fac7e7be,2b98be9c-ddd8-44d8-a7ce-6e0f23b0d4f1,18/09/2019 06:27:21
0d15a3e7-c4eb-492b-92f4-a3e2fdc643e5,14469df2-e571-4445-a8ce-e03a8ba511bf,2b98be9c-ddd8-44d8-a7ce-6e0f23b0d4f1,18/09/2019 06:30:24
804a0a61-964c-4208-b5b6-001a392f0522,08525e97-ef16-4d6b-a8d2-0fa7966fd12b,dcc6149b-d4af-4f15-ab2e-c4e54ba01a3c,18/09/2019 06:31:47
7136d415-a3d5-4a80-9644-28355cd9211f,726f5d78-e509-404e-af9c-742512a5ef05,1b72d990-f55a-4c5d-a3b9-b19f242370fb,18/09/2019 06:32:16
3cee7cb0-d9f4-4c3b-bf1b-526c7e84a4bd,386231f0-f6d5-4b09-b17c-d7aa70b9ec7c,1f67171a-61f1-489d-b4c2-3f10963a9e4b,18/09/2019 06:33:16
10799818-c6a8-4f01-b02c-5c4befbd0afa,4a971892-c745-4b56-a9e6-a018dcf94ea2,db3ed863-62f3-46c7-ac4a-3a10aa613a14,18/09/2019 06:38:51
7a3b541a-0eb7-4a56-8793-030d324593af,eff800b7-aaa5-49bb-afc2-bb7be9223699,60146cd0-77fb-4657-8597-1e963a21f407,18/09/2019 06:40:32
327c9865-91f7-45e2-be31-43ce86407759,d3e53b7b-265f-4bec-bb71-83ec5a2fe3b1,db3ed863-62f3-46c7-ac4a-3a10aa613a14,18/09/2019 06:40:41
919fff4e-6d2f-41f6-8e6a-6f65b5a28976,fbcdb7f0-574f-41cb-9b5d-254f17d62f4e,7e83d47a-c9f2-4b15-858b-b268188523d0,18/09/2019 06:51:17
a5e62b5a-cc2a-4cd0-8cbf-bf1f62aec7e8,401f2235-464c-4039-9593-0ec64f4da5b7,58947e0c-7e01-49c2-8a20-6ede35d906b1,18/09/2019 06:55:09
9a7ab1e4-71df-422c-9ea8-df550c33d853,b71c203c-9d6f-4c69-aff0-3e061cc850fb,ae1938fa-8a6a-47a7-9a7c-d1fca32fecea,18/09/2019 06:57:45
915d4ac4-437e-4fde-939b-8ce1e5c56558,3c469948-c11c-4661-9c2f-ab86b43f6dcc,037b39e3-3a38-4b9f-99ab-6b5d49b3ed4e,18/09/2019 06:57:58
3199944b-9444-4ecb-b464-9374e625265c,5906fb94-9499-4ce2-8563-d6863006f04f,58947e0c-7e01-49c2-8a20-6ede35d906b1,18/09/2019 06:58:39
cedceab6-ea9c-4556-9dfa-dac530d87ecd,c64c9459-3077-42cc-95a3-cb465d43bf14,38bcbce4-e290-489c-b747-5bbb8383a8c7,18/09/2019 07:01:13
5987359a-74c8-45d4-83ed-c53b072dcd7a,d4373ad2-d6ab-49f7-85d2-7894dfc4a387,ead3aad7-5cdb-49c7-af79-68a42f14b4b6,18/09/2019 07:14:49
062b0afc-c133-4794-8ce5-3be25ed6a5ae,d5261568-f5b9-4f22-a7fa-445a129f759d,80e2abe6-0b4e-4473-bb9e-2ef571e421a6,18/09/2019 07:17:47
e5cc0e8b-0f91-4286-ad42-dd90d68abf9a,be995506-f6ad-4dfa-a03d-553b781929f0,22dce81a-00b0-4bdb-b1ca-6f314a832506,18/09/2019 07:18:42
3a2eea95-6094-4936-8415-7b06e5f64616,24199709-35c5-4699-9f89-8fa542377fd1,8b24a91d-6406-4753-a1c5-91e356853126,18/09/2019 07:19:26
fb8191e3-1553-4be1-9013-70f290dc36d0,aacbd55e-6a59-42e7-a5ee-b38423300c10,037b39e3-3a38-4b9f-99ab-6b5d49b3ed4e,18/09/2019 07:22:35
c04843d9-798c-4122-8d57-f1364942554b,b7f14962-86f8-40ba-89ef-a24054e76cb4,ead3aad7-5cdb-49c7-af79-68a42f14b4b6,18/09/2019 07:25:42
9fd64b26-a941-4c33-86f0-6f841ff301ff,233f9212-b058-40c7-bfa4-584e6c273dd1,80e2abe6-0b4e-4473-bb9e-2ef571e421a6,18/09/2019 07:28:19
6f2c1482-6c6b-49d6-acef-17a5ac6a4c3a,37f8657a-06c1-483f-866e-bffb1e6fb6f7,1f67171a-61f1-489d-b4c2-3f10963a9e4b,18/09/2019 07:29:16
026b18ce-da93-40bb-be40-5fc804527df6,bcbdcd18-15d5-4604-8c2a-beb9397d3c6a,db3ed863-62f3-46c7-ac4a-3a10aa613a14,18/09/2019 07:29:42
f149ba3d-ccf9-4f9b-8fec-9980937eb0df,b132f19e-24ae-464e-b48b-eca2add3e52d,38bcbce4-e290-489c-b747-5bbb8383a8c7,18/09/2019 07:30:15
5aaf73c5-564c-47ab-9946-967923db787d,ad833a50-4aaf-436f-ac67-87e9ac5ff820,f750b4a6-596a-4230-a9f3-a546d3fdc6d1,18/09/2019 07:34:33
7989af2b-0f64-41f0-bc50-468847385935,341acbe8-cb1e-48dc-89f7-a9502ee498b8,58947e0c-7e01-49c2-8a20-6ede35d906b1,18/09/2019 07:36:08
ba2d3634-4a42-4934-abc8-82485504d805,0e66203c-dd32-4a7f-a849-cfa2ee184061,8b24a91d-6406-4753-a1c5-91e356853126,18/09/2019 07:36:26
1f4320c8-6289-4a1c-9716-30e0bef307c0,b0d7a878-6431-47a0-b647-90b8794dac76,def87402-dc83-469b-b5da-de8771f291d3,18/09/2019 07:37:04
9f34e923-fa9b-4905-a395-c9443a47a7b2,8ff7e42b-15c7-4c49-9d18-c23576e49a60,5748889b-93e4-48bb-9505-8b7fd113159e,18/09/2019 07:39:51
cc8d3509-c884-4cf9-b92c-1e98684ace64,de28e00a-bf42-45a6-a09e-c41a4f12fe61,8b24a91d-6406-4753-a1c5-91e356853126,18/09/2019 07:50:40
1b0d67b2-04df-473e-ac4f-071852368750,c46621b1-ef0b-4533-a70d-21f8bcd68cb1,22dce81a-00b0-4bdb-b1ca-6f314a832506,18/09/2019 07:59:01
d52361a4-de0a-4dfa-a5aa-0dc360ac8a9f,4741ad11-a236-4358-a255-3fec8559b0a5,42a35e16-6322-4bd3-a330-b7a057c55a1f,18/09/2019 08:05:17
02e2d7c3-7416-4b67-bc67-94ad0a6193cc,4da11b04-06e5-47d1-88cb-eccb047db9a5,dcc6149b-d4af-4f15-ab2e-c4e54ba01a3c,18/09/2019 08:06:36
4cc2e333-bcb3-46df-9642-c3daea8ba85b,7d388dd2-8eb3-410e-8923-a60d281b8cbf,def87402-dc83-469b-b5da-de8771f291d3,18/09/2019 08:09:31
2df52913-5b11-45e4-af12-6183396b9e39,23ca9b76-a51d-4286-b34f-007eac804a36,42a35e16-6322-4bd3-a330-b7a057c55a1f,18/09/2019 08:11:23
d6335f3d-1db1-4ae0-8316-bd33e3b122d3,05a213c3-8af3-4a57-aeec-8ba8a490e750,ae1938fa-8a6a-47a7-9a7c-d1fca32fecea,18/09/2019 08:11:43
a5bf913b-b51b-4da1-92c9-9407c8ec510f,31c99ae0-b205-40fd-9e76-011337ef8c0f,9e5d2ada-aa4e-4771-a15c-716aa067a623,18/09/2019 08:13:46
cd2564fa-a816-47d0-bcb4-041f20c710fc,13ccdec9-98c7-4162-94cd-f0ab2aa0a825,2b98be9c-ddd8-44d8-a7ce-6e0f23b0d4f1,18/09/2019 08:14:35
7c124575-dc94-453f-a1ec-c7d3c92bcccb,5e9df7cc-87c2-4b2d-ac6d-366602c48b8c,ae1938fa-8a6a-47a7-9a7c-d1fca32fecea,18/09/2019 08:14:51
731137fd-6b98-4663-a351-f96e1f6c5ee0,32223255-3be7-4e2a-a3f7-5559858b0822,38bcbce4-e290-489c-b747-5bbb8383a8c7,18/09/2019 08:17:12
7f046f19-6bc6-49cf-ab14-cabc47b30216,68268627-f715-4730-9e1d-bf7a7f39012a,58947e0c-7e01-49c2-8a20-6ede35d906b1,18/09/2019 08:17:39
fb5df072-ccc8-4160-a326-a8126b989143,ca953bbc-29c7-41b3-9035-60f22c9ddfdc,7e83d47a-c9f2-4b15-858b-b268188523d0,18/09/2019 08:19:20
7afed736-5738-45e2-be4c-7706def41f77,176b98ff-7a83-4c20-a040-79865f561319,8b24a91d-6406-4753-a1c5-91e356853126,18/09/2019 08:24:44
2abe6b92-e6c9-46dd-8034-7277f6fce806,e15311cb-797d-4117-add3-65533e8b7d5c,38bcbce4-e290-489c-b747-5bbb8383a8c7,18/09/2019 08:27:13
99acf964-b779-4604-9512-d103d1935115,47ae0d15-9233-43a2-a8bb-8134cce17ed5,2b98be9c-ddd8-44d8-a7ce-6e0f23b0d4f1,18/09/2019 08:30:40
3cc656af-de50-4b45-8e7a-1ed4e31b7954,a54717ff-2f7c-4c96-94d3-8be03411de42,1f67171a-61f1-489d-b4c2-3f10963a9e4b,18/09/2019 08:30:58
b29b4348-713b-4380-91e1-41f49ab7b52a,49414c78-0f99-40e4-8a00-74a77a4d80da,5748889b-93e4-48bb-9505-8b7fd113159e,18/09/2019 08:32:15
13b8d755-5a0a-4e4b-9467-4424f08397ea,45d79b35-a111-482c-b6bf-d8da626ff7d1,db3ed863-62f3-46c7-ac4a-3a10aa613a14,18/09/2019 08:33:48
51f92407-94ef-4764-957f-006fa3c098c4,153118d7-becf-4b4c-9490-4a79c1fe45be,5748889b-93e4-48bb-9505-8b7fd113159e,18/09/2019 08:41:45
96e01639-ecf9-4150-a5fc-70932594cd3c,9c189f19-e961-425f-8886-7846ecc467c5,38bcbce4-e290-489c-b747-5bbb8383a8c7,18/09/2019 08:44:42
68d6516e-b207-43d4-8fab-d635a635427c,32c00507-fa31-4ed6-89ca-38dc6970996a,1b72d990-f55a-4c5d-a3b9-b19f242370fb,18/09/2019 08:47:41
f17157b2-3c61-4342-84bb-82713d56043f,45f22d49-ca84-4ab6-9cbe-0ad9782bfd33,1f67171a-61f1-489d-b4c2-3f10963a9e4b,18/09/2019 09:03:10
1e03aa3b-f318-4ee3-b301-868afe095f2d,78cf697f-9fd1-4685-9e17-9df415fda8c2,1b72d990-f55a-4c5d-a3b9-b19f242370fb,18/09/2019 09:08:44
608512c3-44c1-4245-b2eb-4995792924d3,58beec9d-9c98-4793-8c00-07cde83b901f,f750b4a6-596a-4230-a9f3-a546d3fdc6d1,18/09/2019 09:08:45
e1d37edd-ed82-49f2-8fed-9158bb71f5ec,4f405a14-2d46-4470-a537-2f4ac68bfb91,60146cd0-77fb-4657-8597-1e963a21f407,18/09/2019 09:09:13
95a029a0-a6da-4e2b-aec0-c9325e5a82df,f9a39442-e637-4670-8ea7-8bf0dba6cc80,22dce81a-00b0-4bdb-b1ca-6f314a832506,18/09/2019 09:17:19
147114da-1dac-48d8-9afb-b0e988d6973c,1b3be41e-6eac-4ffe-9dcb-81392224459d,f750b4a6-596a-4230-a9f3-a546d3fdc6d1,18/09/2019 09:18:27
411a1d46-cb82-437a-96cf-75c2df02513c,1d15fc68-4f60-4b78-bef5-06f4a8b5352c,7e83d47a-c9f2-4b15-858b-b268188523d0,18/09/2019 09:19:12
6712b66a-b707-44b8-870d-67e66c24b035,894dcec0-3a4f-4835-a9e0-e9fd0c2d500c,db3ed863-62f3-46c7-ac4a-3a10aa613a14,18/09/2019 09:20:50
ba968e0d-2edc-4760-bc55-a00c8ad5c9e1,6f11eacb-7dd8-4398-8742-84b3d6df65dc,9e5d2ada-aa4e-4771-a15c-716aa067a623,18/09/2019 09:21:27
f2fd6c2b-2ffc-4537-a893-a13510f514e8,cb3fe2c2-6001-4bb2-8d59-b21bd8c10945,58947e0c-7e01-49c2-8a20-6ede35d906b1,18/09/2019 09:25:35
9cdfaead-6fce-4117-a9fb-812b0036131e,675dd41c-4a1e-419b-a229-ae9015d2f624,9e5d2ada-aa4e-4771-a15c-716aa067a623,18/09/2019 09:30:30
e8957a03-a7d1-4e29-9300-2d78eda3808a,3ab439ab-01a0-45c2-b0cd-c936f5c67fc2,22dce81a-00b0-4bdb-b1ca-6f314a832506,18/09/2019 09:32:20
d8401e05-67e2-4c86-b114-28de0c3db4ec,6039e696-5036-45b6-863d-b370bdd992ea,7e83d47a-c9f2-4b15-858b-b268188523d0,18/09/2019 09:35:27
936cf234-70f9-40ae-960b-728932f53948,8a597fb1-17a1-4915-80e3-dc320b009906,037b39e3-3a38-4b9f-99ab-6b5d49b3ed4e,18/09/2019 09:44:59
7b8bd6a0-c95b-4c70-a630-469e4513c883,c0d62844-5faa-4368-9cfa-009c512cf29a,ead3aad7-5cdb-49c7-af79-68a42f14b4b6,18/09/2019 09:45:51
fa52ce6e-d3c2-4e01-9374-6295156d18ba,8e756e12-2c1a-4928-b5b4-86cd57ca466b,def87402-dc83-469b-b5da-de8771f291d3,18/09/2019 09:54:11
4a79475b-ff26-4c6c-a6cd-c34bd979e6b6,7fd317a2-c44b-4f41-b279-9f3063124483,1b72d990-f55a-4c5d-a3b9-b19f242370fb,18/09/2019 09:55:02
f6433c89-3678-4903-9a29-ed3ddc56536f,1adbb6ea-585c-4720-a1b8-9955f89a3fb6,5748889b-93e4-48bb-9505-8b7fd113159e,18/09/2019 10:08:35
013a7eee-d385-4ce0-a667-14e5e9a7425c,47a7cb77-7370-460b-9650-c8d3d546d63c,58947e0c-7e01-49c2-8a20-6ede35d906b1,18/09/2019 10:15:26
c8a19463-01a4-4a2a-b4b1-5c6578257769,8d32d5c2-a225-498d-b04f-550cca9efee6,def87402-dc83-469b-b5da-de8771f291d3,18/09/2019 10:15:30
c1794f30-50de-482c-aeda-9cd8ca34b23a,a81e7df3-6aaf-44d0-b651-1b4ee313a45e,1b72d990-f55a-4c5d-a3b9-b19f242370fb,18/09/2019 10:21:18
744634fc-a58b-4820-b845-11338f94c067,064224ae-f7ad-49f3-ab27-b70e6b89beb9,8b24a91d-6406-4753-a1c5-91e356853126,18/09/2019 10:21:20
f67b6ce8-6cc3-4ff5-8353-9a2d04d47831,a7e6887c-35bf-4f4c-905f-2063ddfb10c0,ead3aad7-5cdb-49c7-af79-68a42f14b4b6,18/09/2019 10:21:58
1461994a-4ddd-4717-9601-2b88b5dfec5f,ba5d54e2-29ca-443a-9754-bb40edd3cd32,42a35e16-6322-4bd3-a330-b7a057c55a1f,18/09/2019 10:22:39
93b78643-c91c-45c9-a508-91834bdd64aa,33d29bba-4d3e-4495-8297-a34cf81a637a,1f67171a-61f1-489d-b4c2-3f10963a9e4b,18/09/2019 10:24:24
815e32ed-9a3d-43b4-80f3-b1b09623a5fd,b06539a4-05d9-4bec-8ccb-a3e891660e74,f750b4a6-596a-4230-a9f3-a546d3fdc6d1,18/09/2019 10:27:48
fc2c6281-f15b-4c5d-946d-3da5a6240c51,5c3348d4-08aa-47b3-ab6b-98fbff2fb0fd,8b24a91d-6406-4753-a1c5-91e356853126,18/09/2019 10:38:14
e7097b62-d126-4b23-a5e1-7df8b7f6589e,530b1009-070b-4623-aed9-b7e1eff567b8,f750b4a6-596a-4230-a9f3-a546d3fdc6d1,18/09/2019 10:40:48
c6a58637-3426-4281-b69a-7930c5647fe4,bd3a9eab-018f-40b9-8d1f-a157f23d4a1c,38bcbce4-e290-489c-b747-5bbb8383a8c7,18/09/2019 10:44:25
9f69a814-cb8c-4adb-b778-07a6c7abc99f,d4651f02-330a-4bc6-b6c4-5e5a1eb6a6cd,38bcbce4-e290-489c-b747-5bbb8383a8c7,18/09/2019 10:46:35
387528fe-e0f6-4af5-b127-1aea7c4cf5e8,6a5d8463-e194-4eb7-80b7-3c3820864e67,7e83d47a-c9f2-4b15-858b-b268188523d0,18/09/2019 10:48:13
f8de696c-4536-425e-9c83-2e8cdd5a3dfa,cf0d802f-2fe8-4f8e-9970-dbf5718d93f9,1f67171a-61f1-489d-b4c2-3f10963a9e4b,18/09/2019 10:55:43
7414f568-ea19-4156-8965-8dd405944227,72e75801-7490-4659-979c-9c9ac9d765a8,db3ed863-62f3-46c7-ac4a-3a10aa613a14,18/09/2019 11:00:30
1167b08a-c5b2-4f01-803d-78072b629160,afc1d1a3-d7b6-4b21-b821-99c897f3f281,1b72d990-f55a-4c5d-a3b9-b19f242370fb,18/09/2019 11:16:50
e8c41e18-9ad4-4aed-be43-ee568200b990,995efd0c-68a9-434e-8f82-14a03b55e469,dcc6149b-d4af-4f15-ab2e-c4e54ba01a3c,18/09/2019 11:17:56
54f83694-b536-402c-b90b-c99ba6a6c09f,267478c1-cc23-49cb-ba01-00652be07095,5748889b-93e4-48bb-9505-8b7fd113159e,18/09/2019 11:20:16
b0389b78-0fef-4729-8dca-4666850a905b,4d2cf97b-7d51-43e9-a5e8-4766c280ce9e,38bcbce4-e290-489c-b747-5bbb8383a8c7,18/09/2019 11:21:48
1e6a82dc-82d8-4ece-b415-261c59e1c175,7b7d30e1-8cb9-4ec7-8eb7-1fb704c89963,ae1938fa-8a6a-47a7-9a7c-d1fca32fecea,18/09/2019 11:30:06
4782ebf9-d499-46a4-a224-cca3b2746262,dc6e42f8-1e2a-417a-b4fa-d93bd6c35310,dcc6149b-d4af-4f15-ab2e-c4e54ba01a3c,18/09/2019 11:42:49
180b37ff-c20d-4afd-90dd-cc02061a34ce,fae8cc10-4c93-4da1-821d-85087e373864,def87402-dc83-469b-b5da-de8771f291d3,18/09/2019 11:43:07
2547581a-493b-41f0-a381-273cd165cae4,5f28060a-8086-4ac2-918b-fa6d12e86556,2b98be9c-ddd8-44d8-a7ce-6e0f23b0d4f1,18/09/2019 11:50:20
18a11a81-c4f9-4704-a212-10d154a74ac1,254c3503-cc40-4fa7-9767-4530fdab9fea,ead3aad7-5cdb-49c7-af79-68a42f14b4b6,18/09/2019 11:54:13
32e23c94-d38c-4741-b0d0-aa0f4db05934,7c87542d-f7ea-4b40-8e81-c8f47be0d32e,9e5d2ada-aa4e-4771-a15c-716aa067a623,18/09/2019 12:00:17
4490d55c-a48a-4161-a6b1-958b56754e93,da119b26-71b5-4521-88fe-14d7998042f4,22dce81a-00b0-4bdb-b1ca-6f314a832506,18/09/2019 12:03:36
5f612198-0cb5-4dfa-88cc-7c8d4c0d906b,2870d203-d238-472a-827b-ccf51a497449,1b72d990-f55a-4c5d-a3b9-b19f242370fb,18/09/2019 12:03:54
dcbe80a1-4b46-45ac-9e3b-28cd71ea717f,1604267d-6a4c-4d9d-b1be-f6ccde7ff866,42a35e16-6322-4bd3-a330-b7a057c55a1f,18/09/2019 12:05:55
abcd4554-50ca-43bf-b524-f41f8d45358d,ec7b5836-8eac-4877-a85d-a37e3017e535,9e5d2ada-aa4e-4771-a15c-716aa067a623,18/09/2019 12:17:10
bbdee146-bf5a-43e9-a232-e5e94a8ab8f8,bed35b68-06d3-4ae8-8ee7-1b56ad4015ac,1b72d990-f55a-4c5d-a3b9-b19f242370fb,18/09/2019 12:25:21
3f28ae38-dcbf-4acf-87d6-0076bc1f761c,516357ab-038d-49b5-b6ce-8c36edbf31fb,80e2abe6-0b4e-4473-bb9e-2ef571e421a6,18/09/2019 12:30:09
cb7077f0-8137-4cd1-bf00-03bee6604af7,e7f2d089-1067-44b8-961d-aa6b38666ae1,db3ed863-62f3-46c7-ac4a-3a10aa613a14,18/09/2019 12:30:31
3dd587aa-4bd3-4ae3-8f78-162c2e67d9a7,4837ee56-2dda-40ac-bc22-ff43df035896,ead3aad7-5cdb-49c7-af79-68a42f14b4b6,18/09/2019 12:32:49
492797f6-30fd-4f37-b1f5-37660a648031,e3774580-db99-439c-ac59-33dc814a1564,037b39e3-3a38-4b9f-99ab-6b5d49b3ed4e,18/09/2019 12:39:12
d3213a80-98f4-4eb2-9658-e00eeecdf75d,87c2295d-fb3c-4cc6-80eb-d3311c3d7028,8b24a91d-6406-4753-a1c5-91e356853126,18/09/2019 12:39:50
a0ff6b9a-57b1-4d6a-8157-8d848a35b520,e4b3aae4-1c46-4cb1-8db5-f78ddf9f2315,58947e0c-7e01-49c2-8a20-6ede35d906b1,18/09/2019 12:41:45
fe43f667-15cb-451f-b1ea-96da8a8f09e2,d1ac4a3c-696b-4e8f-a3ae-52a45606dcdd,60146cd0-77fb-4657-8597-1e963a21f407,18/09/2019 12:45:55
135e2616-e6da-4dd6-b7f4-3360c2833e72,afb85f35-56c7-4d7f-922c-6918359edd50,f750b4a6-596a-4230-a9f3-a546d3fdc6d1,18/09/2019 12:47:46
9195cf91-0ea0-4754-af5b-58f1d32cd96f,3255c085-6641-49c6-ae75-97720d6b6e40,7e83d47a-c9f2-4b15-858b-b268188523d0,18/09/2019 12:49:52
0f5088b2-f64a-49f5-962e-e6f3e32051ed,4b8039e6-9741-4aee-8e82-093c62c14a3a,dcc6149b-d4af-4f15-ab2e-c4e54ba01a3c,18/09/2019 12:53:32
7386e6dd-3b1d-431b-a5eb-5612e9956830,ed2696f5-52e2-4094-a546-3f5fb4f69f39,ae1938fa-8a6a-47a7-9a7c-d1fca32fecea,18/09/2019 13:02:13
62cd58eb-c772-45dd-b118-bc7466467412,2d6787fd-0d1a-4d91-b6be-9b903aadf33f,60146cd0-77fb-4657-8597-1e963a21f407,18/09/2019 13:13:42
44672426-4ad8-4f73-b2cf-b07a4c755256,62f5e231-1b42-4c59-a757-17a4eb0c928c,2b98be9c-ddd8-44d8-a7ce-6e0f23b0d4f1,18/09/2019 13:18:26
f0660546-6417-492e-b57b-1e557b9c8597,5afb8427-1e0a-44b1-8bf3-7e8095a48770,38bcbce4-e290-489c-b747-5bbb8383a8c7,18/09/2019 13:25:53
04d93f7a-a92b-4013-bd30-bb888afc0dcb,cb87853d-8e4f-4a0c-be0c-7f92bfecd287,db3ed863-62f3-46c7-ac4a-3a10aa613a14,18/09/2019 13:46:14
db15a393-c15b-4858-bd9d-dcf23b599f24,a8ebb999-1a98-4c4d-8fff-baec9fac145e,f750b4a6-596a-4230-a9f3-a546d3fdc6d1,18/09/2019 14:00:22
a1fa95d7-7611-4eae-9fe6-2bd11560134c,bc8f1ff4-5a5c-4a50-9a0a-615f38cf8067,db3ed863-62f3-46c7-ac4a-3a10aa613a14,18/09/2019 14:08:10
4a0769f8-9615-41b2-bdd8-a7a98b507e77,3485edf6-b62d-4dc4-bde2-2df6be681b10,42a35e16-6322-4bd3-a330-b7a057c55a1f,18/09/2019 14:10:35
344cedb8-98ee-49e3-8eff-52a8ae1fc8ce,fc72322c-1f9b-4bd9-9c0f-0dd6c7cb0eda,60146cd0-77fb-4657-8597-1e963a21f407,18/09/2019 14:10:44
40dc468e-9cfe-4df9-8d96-dae5adbda7fe,b2102dfa-0c6a-4226-9151-8eda285aaaaa,22dce81a-00b0-4bdb-b1ca-6f314a832506,18/09/2019 14:17:12
2792bfa6-b20c-4f3b-bd7c-eeda82170553,f7732d41-8c95-4901-9bef-d94c734a04ce,ead3aad7-5cdb-49c7-af79-68a42f14b4b6,18/09/2019 14:17:34
23e0570f-aa51-4ffd-ae1c-fcfb6f60ed68,b517100c-4d66-4bf3-b38e-29eb90f2cd06,5748889b-93e4-48bb-9505-8b7fd113159e,18/09/2019 14:19:22
4fb4a339-8688-4237-bce0-28eeb45d3d68,6e3397c9-3250-4d79-b920-d2fd58c43c9e,9e5d2ada-aa4e-4771-a15c-716aa067a623,18/09/2019 14:21:34
a8eb2ace-7462-43b8-9f1b-c1f94a62da45,a82c4278-ec54-44fd-8e35-13c840cd3b7d,7e83d47a-c9f2-4b15-858b-b268188523d0,18/09/2019 14:25:41
c7ef869e-d306-4e28-8c10-b5102319bcec,5640a86d-9a2c-457d-9ed7-34bd2ab54624,80e2abe6-0b4e-4473-bb9e-2ef571e421a6,18/09/2019 14:30:37
19a0ed82-ee44-45ae-a471-10fa70a7c75d,9a86f3c3-6a63-4c4b-a93d-b898b5b89379,2b98be9c-ddd8-44d8-a7ce-6e0f23b0d4f1,18/09/2019 14:37:37
36f94eac-a119-4223-8f9e-034eb95c3b97,c5c984f7-a6fa-4d1c-b44b-24d8052eaaf1,1b72d990-f55a-4c5d-a3b9-b19f242370fb,18/09/2019 14:38:38
b920513c-aa7f-4b5d-8ee9-648d218533b0,4e5a984c-4cc4-4f52-befa-52a8c6a2f068,ae1938fa-8a6a-47a7-9a7c-d1fca32fecea,18/09/2019 14:41:09
4258e605-db9a-49d3-9099-7e35793a9e20,8c7f0af0-85bf-4525-a461-14a32693d4a2,38bcbce4-e290-489c-b747-5bbb8383a8c7,18/09/2019 14:52:08
a39cd4dc-f270-42ec-84ac-2f9cc77d6d39,3fb98973-8dd2-4dfa-a3f7-7c0a61bd28a4,f750b4a6-596a-4230-a9f3-a546d3fdc6d1,18/09/2019 15:04:41
6be2a54c-395a-48f7-bbc4-324936beefe0,2125931f-9ad2-43bf-9e1e-e37164fb49cd,1f67171a-61f1-489d-b4c2-3f10963a9e4b,18/09/2019 15:11:32
1a7f8383-fa76-4b63-bbac-b411626aacbe,8c1269aa-56cc-4a13-90ea-ffede283781d,5748889b-93e4-48bb-9505-8b7fd113159e,18/09/2019 15:13:54
8408f45e-e6de-475e-afef-7ed382190fce,c708cb76-d4e6-4678-bd22-7b9aff30f922,dcc6149b-d4af-4f15-ab2e-c4e54ba01a3c,18/09/2019 15:20:00
484c81ca-cbcb-4110-b53d-1db10d393848,a9fb4284-a281-4b21-bb88-2aec55989c11,9e5d2ada-aa4e-4771-a15c-716aa067a623,18/09/2019 15:33:24
3e634472-7b0a-4210-b74f-4cf28e861272,136adb4a-8ee5-422a-a7ba-69b1fffc38a2,22dce81a-00b0-4bdb-b1ca-6f314a832506,18/09/2019 15:33:45
a9af5a00-f060-421c-9e79-60bc7b587bc5,ba22a84f-f621-465e-9c17-63b8009bad16,38bcbce4-e290-489c-b747-5bbb8383a8c7,18/09/2019 15:47:34
070ca398-0a7c-458d-80ba-e089f4d72168,44f995ce-7ff7-4399-984f-f3bf555a55d2,037b39e3-3a38-4b9f-99ab-6b5d49b3ed4e,18/09/2019 15:52:57
aa01732c-7d70-46a3-89bf-2ab33ada9b80,1f37eb9c-468d-4942-ac3c-35da09249837,def87402-dc83-469b-b5da-de8771f291d3,18/09/2019 15:56:17
69f64dd3-1346-49fc-b030-2f78a19a0c99,3b6c533e-00d3-4ffe-99fa-efaddaeaf897,1f67171a-61f1-489d-b4c2-3f10963a9e4b,18/09/2019 16:20:26
1090648f-a095-4f6f-8c8c-26ab601d5ede,5455f65a-3be3-432e-a742-d8b809f1c190,1b72d990-f55a-4c5d-a3b9-b19f242370fb,18/09/2019 16:31:43
ea7d7ee8-a4b1-4941-9953-4761438e17f5,1bde4e5c-d66c-4db0-9f51-7c839c8bc0bf,ead3aad7-5cdb-49c7-af79-68a42f14b4b6,18/09/2019 16:37:08
3dcb88e5-4f3c-4e23-bc40-27a87b869a16,533dff06-d949-4895-b139-ebdd37457a4b,def87402-dc83-469b-b5da-de8771f291d3,18/09/2019 16:40:50
63757407-9c0c-47e0-9d99-9080cb64d40d,c5b92e07-e0f3-4330-9d7c-ccad2fda4695,1b72d990-f55a-4c5d-a3b9-b19f242370fb,18/09/2019 16:42:20
2bbabaf9-33ca-4e64-9b22-abdc91138d87,802db469-8ecb-4c09-8a30-c9b3119e2481,60146cd0-77fb-4657-8597-1e963a21f407,18/09/2019 16:46:25
d3395f26-68fd-408d-8ebf-d2cc249f729f,cbf681e7-efe6-42a4-9120-723d29e0bd4f,38bcbce4-e290-489c-b747-5bbb8383a8c7,18/09/2019 17:01:44
655f2fdc-ab63-441b-8ca9-574a8afd4605,d40a122c-e5b5-43d8-bf16-64b279e771e0,8b24a91d-6406-4753-a1c5-91e356853126,18/09/2019 18:03:43
fb310766-a005-439e-a01f-a297ebe9c488,e2e8fedb-2d7b-4eea-b18d-08a58debc6cf,58947e0c-7e01-49c2-8a20-6ede35d906b1,18/09/2019 18:23:37
d0809b2f-52a9-4207-b6a4-a8bc6e80d3ac,7eb747b4-ced6-432c-b22f-c7173c339087,ae1938fa-8a6a-47a7-9a7c-d1fca32fecea,18/09/2019 18:38:13
42b48548-f800-40f2-ad80-6ef19fdeca31,92272b55-a633-49a8-a3b9-2bb495203632,037b39e3-3a38-4b9f-99ab-6b5d49b3ed4e,18/09/2019 19:34:05
3bf92978-a0a8-4b29-a666-048cddc7246b,57584579-33da-407e-933e-1448532cdac4,f750b4a6-596a-4230-a9f3-a546d3fdc6d1,18/09/2019 19:58:23
881895e5-cded-4f24-8aaa-c431e2238dcc,a9d17417-42bc-4567-8a40-37833389903e,60146cd0-77fb-4657-8597-1e963a21f407,18/09/2019 21:06:12
d52c629b-c9c8-48c6-9e15-aaa1fb4e9088,735bff1f-411c-45b3-9588-0789ce21c741,f750b4a6-596a-4230-a9f3-a546d3fdc6d1,18/09/2019 21:26:46
613a1eae-2b6b-4ea6-aaf0-9f40e9e96a33,721cc44a-988f-43e9-a2db-7fae3cff8c80,9e5d2ada-aa4e-4771-a15c-716aa067a623,18/09/2019 22:12:47
b1d0e27e-a834-42a9-872b-6f170c91f891,163cc30d-d4d2-4317-998b-a29329796f05,80e2abe6-0b4e-4473-bb9e-2ef571e421a6,18/09/2019 23:33:39
