61bbade6-c7eb-4f5f-81e5-760593760262,09/17/2019 11:36:45,55607c25-5ef4-40f2-b7ef-bb604771a30d,77b93e04-db36-4294-9a0f-23b3632e84cd,Voice
bf37d34a-ce44-404f-8491-f623cb4aaa43,09/17/2019 11:36:45,b9004105-14f9-4a75-965d-22bf060b11aa,b9e6787e-d59a-4250-8b50-4ed3393742a4,Video
497786ea-4447-4d6c-8689-ada223abcfd6,09/17/2019 13:36:45,5482d516-968d-4cf5-b7fd-2839997e7eb6,b0d02f5d-16ee-435b-b674-a0d1e59b5bcf,Data
7ec59224-ed00-4c30-b84f-69c531f4cb53,09/17/2019 13:36:45,8bbe0e25-c84d-4bd1-8259-2bc8cba7b2be,6db875dd-3d61-479e-8280-4a653f0f06b0,Video
bc053c7e-e9dc-47ac-9391-155bc0e5bca6,09/17/2019 15:36:45,694e18ce-e87e-4ac8-b203-3b651c002723,b9e6787e-d59a-4250-8b50-4ed3393742a4,Video
c31e03cf-c720-424e-a44b-605ccaf32830,09/17/2019 15:36:45,1579c906-9400-4c28-948c-a6108249b317,5e7832b0-ec1d-44a6-acb9-e5457a10a86a,Voice
c0183cd6-0390-4939-9221-43c8ef481939,09/17/2019 17:36:45,3e6662e3-8486-41d8-9180-bd97383e169d,b065341e-c878-4ee1-808f-93f9e0126d24,Video
d9cd4770-a349-4b0c-a2be-4304b143c508,09/17/2019 17:36:45,a06c92d6-2f03-4da9-997a-6a34aab7204e,83ff6f65-583e-4d3f-bb8c-9a12644e7003,Video
ce44d86b-5101-4f70-b3a4-fee79616aa96,09/17/2019 19:36:45,a254f2d0-cbcb-4724-892e-0e0a7ac6bac6,77b93e04-db36-4294-9a0f-23b3632e84cd,Voice
00da3679-4cbf-43a9-bc87-4ce2e1528f7f,09/17/2019 21:36:45,fe886a33-b5fc-419d-9503-a7b77cf3e452,7b84675d-b519-4a6d-96f2-88034e07bdf4,Video
